unknown-1,(unknown) (unknown),1893-1947,0
tom-abatemarco-1,Tom Abatemarco,1987-2000,0
ron-abegglen-1,Ron Abegglen,1992-1999,0
frank-adams-1,Frank Adams,1945-1949,0
marvin-adams-1,Marvin Adams,1977-1984,0
mike-adras-1,Mike Adras,2000-2012,0
steve-aggers-1,Steve Aggers,1996-2005,0
gerald-alaimo-1,Gerald Alaimo,1970-1978,0
stan-albeck-1,Stan Albeck,1969-1991,0
bacari-alexander-1,Bacari Alexander,2017-2018,1
casey-alexander-1,Casey Alexander,2012-2018,1
cy-alexander-1,Cy Alexander,1988-2016,0
louis-alexander-1,Louis Alexander,1928-1944,0
steve-alford-1,Steve Alford,1996-2018,1
eck-allen-1,Eck Allen,1939-1947,0
frankie-allen-1,Frankie Allen,1988-2014,0
jerome-allen-1,Jerome Allen,2010-2015,0
jimmy-allen-1,Jimmy Allen,2017-2018,1
phog-allen-1,Phog Allen,1906-1956,0
sonny-allen-1,Sonny Allen,1950-1987,0
lyles-alley-1,Lyles Alley,1946-1966,0
dana-altman-1,Dana Altman,1990-2018,1
tommy-amaker-1,Tommy Amaker,1998-2018,1
mark-amatucci-1,Mark Amatucci,1983-1989,0
ladell-andersen-1,Ladell Andersen,1962-1989,0
forddy-anderson-1,Forddy Anderson,1947-1965,0
glendon-anderson-1,Glendon Anderson,1960-1971,0
hank-anderson-1,Hank Anderson,1953-1974,0
harold-anderson-1,Harold Anderson,1935-1963,0
jim-anderson-1,Jim Anderson,1990-1995,0
mike-anderson-1,Mike Anderson,2003-2018,1
tevester-anderson-1,Tevester Anderson,1999-2013,0
wayne-anderson-1,Wayne Anderson,1967-1974,0
william-anderson-1,William Anderson,1918-1949,0
lew-andreas-1,Lew Andreas,1925-1950,0
emmett-angell-1,Emmett Angell,1905-1910,0
steve-antrim-1,Steve Antrim,1991-1995,0
tom-apke-1,Tom Apke,1975-1996,0
lynn-archibald-1,Lynn Archibald,1978-1989,0
jack-armstrong-1,Jack Armstrong,1990-1998,0
john-arndt-1,John Arndt,1962-1968,0
frank-arnold-1,Frank Arnold,1976-1987,0
gib-arnold-1,Gib Arnold,2011-2014,0
murray-arnold-1,Murray Arnold,1980-2000,0
jay-arnote-1,Jay Arnote,1984-1988,0
ronnie-arrow-1,Ronnie Arrow,1988-2013,0
tom-asbury-1,Tom Asbury,1989-2011,0
jimmy-ashmore-1,Jimmy Ashmore,1904-1931,0
edward-ashnault-1,Edward Ashnault,1968-1974,0
presley-askew-1,Presley Askew,1950-1965,0
tim-autrey-1,Tim Autrey,1974-1980,0
jack-avina-1,Jack Avina,1971-1987,0
randy-ayers-1,Randy Ayers,1990-1997,0
whitey-baccus-1,Whitey Baccus,1939-1947,0
john-bach-1,John Bach,1950-1978,0
ed-badger-1,Ed Badger,1979-1983,0
jim-baechtold-1,Jim Baechtold,1962-1967,0
kevin-baggett-1,Kevin Baggett,2013-2018,1
boydson-baird-1,Boydson Baird,1950-1957,0
cecil-baker-1,Cecil Baker,1951-1961,0
dick-baker-1,Dick Baker,1969-1973,0
rod-baker-1,Rod Baker,1992-1997,0
tay-baker-1,Tay Baker,1966-1979,0
mike-balado-1,Mike Balado,2018,1
george-balanis-1,George Balanis,1974-1977,0
james-baldwin-1,James Baldwin,1917-1928,0
pat-baldwin-1,Pat Baldwin,2018,1
dale-bandy-1,Dale Bandy,1975-1980,0
mark-banks-1,Mark Banks,1914-1926,0
roman-banks-1,Roman Banks,2012-2017,0
kevin-bannon-1,Kevin Bannon,1990-2001,0
fred-barakat-1,Fred Barakat,1971-1981,0
tony-barbee-1,Tony Barbee,2007-2014,0
clyde-barker-1,Clyde Barker,1947-1949,0
ralph-barkey-1,Ralph Barkey,1967-1978,0
milton-barnes-1,Milton Barnes,1997-2000,0
rick-barnes-1,Rick Barnes,1988-2018,1
rod-barnes-1,Rod Barnes,1999-2018,1
jd-barnett-1,J.D. Barnett,1978-1999,0
jim-baron-1,Jim Baron,1988-2016,0
tony-barone-1,Tony Barone,1986-1998,0
sam-barry-1,Sam Barry,1923-1950,0
george-barsi-1,George Barsi,1936-1945,0
tommy-bartlett-1,Tommy Bartlett,1967-1973,0
gene-bartow-1,Gene Bartow,1971-1996,0
murry-bartow-1,Murry Bartow,1997-2017,0
charles-bassett-1,Charles Bassett,1928-1933,0
bill-bates-1,Bill Bates,1915-1923,0
duggar-baucom-1,Duggar Baucom,2006-2018,1
birch-bayh-1,Birch Bayh,1919-1923,0
bill-bayno-1,Bill Bayno,1996-2009,0
butch-beard-1,Butch Beard,1991-2006,0
chris-beard-1,Chris Beard,2016-2018,1
don-beasley-1,Don Beasley,1976-1988,0
john-becker-1,John Becker,2012-2018,1
clair-bee-1,Clair Bee,1929-1951,0
russell-beichly-1,Russell Beichly,1943-1950,0
john-beilein-1,John Beilein,1993-2018,1
duce-belford-1,Duce Belford,1946-1952,0
steve-belko-1,Steve Belko,1957-1971,0
dan-bell-1,Dan Bell,1989-1994,0
justin-bell-1,Justin Bell,2018,1
matty-bell-1,Matty Bell,1924-1929,0
bart-bellairs-1,Bart Bellairs,1995-2005,0
theo-bellmont-1,Theo Bellmont,1914-1922,0
dutch-belnap-1,Dutch Belnap,1974-1979,0
dave-benaderet-1,Dave Benaderet,1974-1979,0
bob-bender-1,Bob Bender,1990-2002,0
chet-benefiel-1,Chet Benefiel,1933-1939,0
tony-benford-1,Tony Benford,2013-2017,0
john-benington-1,John Benington,1957-1969,0
dick-bennett-1,Dick Bennett,1986-2006,0
randy-bennett-1,Randy Bennett,2002-2018,1
tony-bennett-1,Tony Bennett,2007-2018,1
fred-bennion-1,Fred Bennion,1909-1919,0
howard-beresford-1,Howard Beresford,1925-1933,0
dick-berg-1,Dick Berg,1981-1988,0
russ-bergman-1,Russ Bergman,1975-1994,0
charles-bernier-1,Charles Bernier,1918-1923,0
bill-berry-1,Bill Berry,1980-1989,0
jim-berry-1,Jim Berry,1981-1986,0
ben-betts-1,Ben Betts,1995-2006,0
bill-bibb-1,Bill Bibb,1975-1989,0
henry-bibby-1,Henry Bibby,1996-2005,0
dana-bible-1,Dana Bible,1921-1927,0
eddie-biedenbach-1,Eddie Biedenbach,1979-2013,0
bernie-bierman-1,Bernie Bierman,1920-1930,0
dave-bike-1,Dave Bike,2000-2013,0
rodney-billups-1,Rodney Billups,2017-2018,1
melvin-binford-1,Melvin Binford,1943-1948,0
george-bisacca-1,George Bisacca,1965-1968,0
charlie-black-1,Charlie Black,1927-1932,0
leon-black-1,Leon Black,1968-1976,0
tom-blackburn-1,Tom Blackburn,1948-1964,0
bill-blair-1,Bill Blair,1973-1981,0
john-blake-1,John Blake,1920-1923,0
bill-blakeley-1,Bill Blakeley,1976-1983,0
george-blaney-1,George Blaney,1970-1997,0
benny-blatt-1,Benny Blatt,1927-1930,0
troy-bledsoe-1,Troy Bledsoe,1963-1968,0
rodger-blind-1,Rodger Blind,1996-2000,0
dave-bliss-1,Dave Bliss,1976-2003,0
jeff-boals-1,Jeff Boals,2017-2018,1
branch-bocock-1,Branch Bocock,1910-1927,0
jim-boeheim-1,Jim Boeheim,1977-2018,1
george-bohler-1,George Bohler,1921-1938,0
j-fred-bohler-1,J. Fred Bohler,1909-1926,0
lc-boles-1,L.C. Boles,1916-1926,0
ken-bone-1,Ken Bone,2006-2014,0
willie-booker-1,Willie Booker,1985-1993,0
jim-boone-1,Jim Boone,1997-2005,0
william-borcher-1,William Borcher,1952-1956,0
bennie-borgmann-1,Bennie Borgmann,1950-1954,0
jim-boutin-1,Jim Boutin,1986-1990,0
don-boven-1,Don Boven,1959-1966,0
jim-boyce-1,Jim Boyce,1980-1986,0
bob-boyd-1,Bob Boyd,1964-1986,0
mike-boyd-2,Mike Boyd,1978-1996,0
jim-boyle-1,Jim Boyle,1982-1990,0
tad-boyle-1,Tad Boyle,2008-2018,1
jim-boylen-1,Jim Boylen,2008-2011,0
michael-boynton-1,Michael Boynton,2018,1
todd-bozeman-1,Todd Bozeman,1993-2018,1
harold-bradley-1,Harold Bradley,1951-1967,0
ron-bradley-1,Ron Bradley,1992-2002,0
john-brady-1,John Brady,1992-2016,0
matt-brady-1,Matt Brady,2005-2016,0
glenn-braica-1,Glenn Braica,2011-2018,1
jim-brandenburg-1,Jim Brandenburg,1977-1992,0
john-brannen-1,John Brannen,2015-2018,1
buster-brannon-1,Buster Brannon,1939-1967,0
bobby-braswell-1,Bobby Braswell,1997-2013,0
ben-braun-1,Ben Braun,1986-2014,0
hoyt-brawner-1,Hoyt Brawner,1949-1962,0
paul-brazeau-1,Paul Brazeau,1993-2000,0
lloyd-brazil-1,Lloyd Brazil,1931-1946,0
henry-bream-1,Henry Bream,1946-1950,0
brick-breeden-1,Brick Breeden,1936-1947,0
frank-brennan-1,Frank Brennan,1922-1926,0
joseph-brennan-1,Joseph Brennan,1942-1948,0
mike-brennan-2,Mike Brennan,2014-2018,1
tom-brennan-1,Tom Brennan,1983-2005,0
wayne-brent-1,Wayne Brent,2014-2018,1
chester-brewer-1,Chester Brewer,1904-1911,0
mike-brey-1,Mike Brey,1996-2018,1
frank-brickey-1,Frank Brickey,1941-1947,0
frank-bridges-1,Frank Bridges,1921-1926,0
albert-brightman-1,Albert Brightman,1953-1956,0
wh-britton-1,W.H. Britton,1927-1935,0
horace-broadnax-1,Horace Broadnax,1998-2018,1
gary-brokaw-1,Gary Brokaw,1987-1991,0
kevin-bromley-1,Kevin Bromley,2001-2009,0
alvin-brooks-2,Alvin Brooks,1994-1998,0
john-brooks-1,John Brooks,1959-1973,0
rickey-broussard-1,Rickey Broussard,1991-2002,0
jim-brovelli-1,Jim Brovelli,1980-1995,0
al-brown-1,Al Brown,1983-1987,0
babe-brown-1,Babe Brown,1943-1946,0
dale-brown-1,Dale Brown,1973-1997,0
earl-brown-2,Earl Brown,1942-1948,0
fred-brown-3,Fred Brown,1910-1920,0
larry-brown-1,Larry Brown,1980-2016,0
matt-brown-4,Matt Brown,2008-2013,0
milan-brown-1,Milan Brown,2004-2015,0
red-brown-1,Red Brown,1951-1954,0
will-brown-2,Will Brown,2002-2018,1
william-browne-1,William Browne,1933-1940,0
brad-brownell-1,Brad Brownell,2003-2018,1
jack-bruen-1,Jack Bruen,1990-1998,0
vic-bubas-1,Vic Bubas,1960-1969,0
tim-buckley-1,Tim Buckley,2001-2006,0
morris-buckwalter-1,Morris Buckwalter,1968-1972,0
john-bunn-1,John Bunn,1931-1938,0
mitch-buonaguro-1,Mitch Buonaguro,1986-2013,0
adrian-buoncristiani-1,Adrian Buoncristiani,1973-1978,0
floyd-burdette-1,Floyd Burdette,1947-1952,0
eddie-burke-1,Eddie Burke,1978-1991,0
john-burke-2,John Burke,1960-1966,0
ken-burmeister-1,Ken Burmeister,1987-2018,1
bob-burton-1,Bob Burton,2004-2012,0
sam-burton-1,Sam Burton,1922-1933,0
jerry-bush-1,Jerry Bush,1948-1963,0
edbert-buss-1,Edbert Buss,1917-1921,0
ed-byhre-1,Ed Byhre,1977-1981,0
mark-byington-1,Mark Byington,2014-2018,1
rick-byrd-1,Rick Byrd,2000-2018,1
ricky-byrdsong-1,Ricky Byrdsong,1989-1997,0
jeff-bzdelik-1,Jeff Bzdelik,1987-2014,0
jerrod-calhoun-1,Jerrod Calhoun,2018,1
jim-calhoun-1,Jim Calhoun,1973-2012,0
mike-calhoun-1,Mike Calhoun,1993-1997,0
bob-calihan-1,Bob Calihan,1949-1969,0
john-calipari-1,John Calipari,1989-2018,1
joe-callero-1,Joe Callero,2010-2018,1
dave-calloway-1,Dave Calloway,1998-2011,0
ernest-calverley-1,Ernest Calverley,1958-1968,0
eddie-cameron-1,Eddie Cameron,1925-1942,0
wally-cameron-1,Wally Cameron,1933-1942,0
lou-campanelli-1,Lou Campanelli,1977-1993,0
bret-campbell-1,Bret Campbell,2000-2009,0
dick-campbell-1,Dick Campbell,1968-1973,0
edward-campbell-1,Edward Campbell,1902-1905,0
howard-cann-1,Howard Cann,1924-1958,0
joey-cantafio-1,Joey Cantafio,1987-1997,0
tommy-canterbury-1,Tommy Canterbury,1978-1989,0
kevin-cantwell-1,Kevin Cantwell,1982-1986,0
jason-capel-1,Jason Capel,2011-2014,0
jeff-capel-2,Jeff Capel,1994-2001,0
jeff-capel-1,Jeff Capel,2003-2011,0
cappy-cappon-1,Cappy Cappon,1932-1961,0
tim-capstraw-1,Tim Capstraw,1990-1999,0
ray-carazo-1,Ray Carazo,1976-1982,0
jim-carey-1,Jim Carey,1977-1980,0
pj-carlesimo-1,P.J. Carlesimo,1977-1994,0
c-carlson-1,C Carlson,1907-1913,0
doc-carlson-1,Doc Carlson,1923-1953,0
bill-carmody-1,Bill Carmody,1997-2018,1
thomas-carmody-1,Thomas Carmody,1969-1973,0
lou-carnesecca-1,Lou Carnesecca,1966-1992,0
ben-carnevale-1,Ben Carnevale,1945-1966,0
john-carpenter-1,John Carpenter,1968-1989,0
pete-carril-1,Pete Carril,1967-1996,0
john-carroll-1,John Carroll,1990-1995,0
terry-carroll-1,Terry Carroll,2002-2007,0
david-carter-2,David Carter,2010-2015,0
phil-carter-1,Phil Carter,1981-1989,0
tim-carter-1,Tim Carter,1996-2013,0
everett-case-1,Everett Case,1947-1965,0
chris-casey-1,Chris Casey,2014-2018,1
don-casey-1,Don Casey,1974-1982,0
pete-cassidy-1,Pete Cassidy,1991-1996,0
nelson-catalina-1,Nelson Catalina,1985-1995,0
gale-catlett-1,Gale Catlett,1973-2002,0
vincent-cazzetta-1,Vincent Cazzetta,1959-1963,0
boyd-chambers-1,Boyd Chambers,1919-1928,0
patrick-chambers-2,Patrick Chambers,2010-2018,1
william-chambers-1,William Chambers,1958-1966,0
bill-chandler-1,Bill Chandler,1922-1951,0
john-chaney-1,John Chaney,1983-2006,0
skip-chappelle-1,Skip Chappelle,1972-1988,0
rob-chavez-1,Rob Chavez,1993-2001,0
scott-cherry-1,Scott Cherry,2010-2018,1
gordon-chiesa-1,Gordon Chiesa,1982-1988,0
roy-chipman-1,Roy Chipman,1978-1986,0
jamion-christian-1,Jamion Christian,2013-2018,1
jim-christian-1,Jim Christian,2003-2018,1
jake-christiansen-1,Jake Christiansen,1930-1941,0
mike-cimino-1,Mike Cimino,1963-1970,0
mike-cingiser-1,Mike Cingiser,1982-1991,0
john-cinicola-1,John Cinicola,1975-1978,0
joe-cipriano-1,Joe Cipriano,1961-1980,0
rg-clapp-1,R.G. Clapp,1904-1909,0
john-clark-5,John Clark,1967-1969,0
perry-clark-1,Perry Clark,1990-2011,0
woody-clements-1,Woody Clements,1945-1955,0
steve-cleveland-1,Steve Cleveland,1998-2011,0
zora-clevenger-1,Zora Clevenger,1905-1920,0
tim-cluess-1,Tim Cluess,2011-2018,1
student-coaches-1,Student Coaches,1896-1908,0
josh-cody-1,Josh Cody,1924-1952,0
bill-coen-1,Bill Coen,2007-2018,1
jon-coffman-1,Jon Coffman,2015-2018,1
bill-cofield-1,Bill Cofield,1977-1982,0
neil-cohalan-1,Neil Cohalan,1930-1942,0
tim-cohane-1,Tim Cohane,1980-2000,0
charlie-coles-1,Charlie Coles,1986-2012,0
mel-collard-1,Mel Collard,1936-1945,0
barry-collier-1,Barry Collier,1990-2006,0
james-colliflower-1,James Colliflower,1912-1922,0
bobby-collins-2,Bobby Collins,2003-2018,1
chris-collins-3,Chris Collins,2014-2018,1
jimmy-collins-1,Jimmy Collins,1997-2010,0
gary-colson-1,Gary Colson,1969-1995,0
harry-combes-1,Harry Combes,1948-1967,0
chip-conner-1,Chip Conner,1976-1980,0
bus-connor-1,Bus Connor,1974-1980,0
ed-conroy-1,Ed Conroy,2007-2016,0
louis-cooke-1,Louis Cooke,1898-1924,0
ed-cooley-1,Ed Cooley,2007-2018,1
rody-cooney-1,Rody Cooney,1933-1941,0
george-cooper-1,George Cooper,1918-1931,0
john-cooper-1,John Cooper,2010-2017,0
don-corbett-1,Don Corbett,1980-1993,0
paul-cormier-1,Paul Cormier,1985-2016,0
charles-corsaut-1,Charles Corsaut,1924-1933,0
larry-costello-1,Larry Costello,1982-1987,0
ron-cotrell-1,Ron Cottrell,2011-2018,1
steve-cottrell-1,Steve Cottrell,1978-1987,0
bill-courtney-1,Bill Courtney,2011-2016,0
ronnie-courtney-1,Ronnie Courtney,2002-2007,0
bob-cousy-1,Bob Cousy,1964-1969,0
paul-covington-1,Paul Covington,1978-1986,0
brady-cowell-1,Brady Cowell,1926-1933,0
ozzie-cowles-1,Ozzie Cowles,1925-1959,0
frosty-cox-1,Frosty Cox,1936-1962,0
roger-craft-1,Roger Craft,1963-1969,0
tim-craft-1,Tim Craft,2014-2018,1
gravelle-craig-1,Gravelle Craig,2012-2017,0
joe-cravens-1,Joe Cravens,1990-2006,0
coleman-crawford-1,Coleman Crawford,1990-1995,0
tom-crean-1,Tom Crean,2000-2017,0
bobby-cremins-1,Bobby Cremins,1976-2012,0
john-crenny-1,John Crenny,1918-1927,0
jim-crews-1,Jim Crews,1986-2016,0
hank-crisp-1,Hank Crisp,1924-1946,0
mick-cronin-1,Mick Cronin,2004-2018,1
scott-cross-1,Scott Cross,2007-2018,1
clem-crowe-1,Clem Crowe,1934-1945,0
richard-crozier-1,Richard Crozier,1906-1924,0
birney-crum-1,Birney Crum,1955-1960,0
denny-crum-1,Denny Crum,1972-2001,0
dan-cunha-1,Dan Cunha,1942-1960,0
gary-cunningham-1,Gary Cunningham,1978-1979,0
phil-cunningham-1,Phil Cunningham,2014-2018,1
joseph-curran-1,Joseph Curran,1954-1959,0
michael-curry-1,Michael Curry,2015-2018,1
glenn-curtis-1,Glenn Curtis,1939-1946,0
dennis-cutts-1,Dennis Cutts,2014-2018,1
dan-dantoni-1,Dan D'Antoni,2015-2018,1
jiggs-dahlberg-1,Jiggs Dahlberg,1938-1955,0
dan-dakich-1,Dan Dakich,1998-2008,0
howard-dallmar-1,Howard Dallmar,1949-1975,0
chuck-daly-1,Chuck Daly,1970-1977,0
keith-dambrot-1,Keith Dambrot,1992-2018,1
dick-danford-1,Dick Danford,1984-1988,0
roy-danforth-1,Roy Danforth,1969-1981,0
bob-daniels-1,Bob Daniels,1973-1977,0
linc-darner-1,Linc Darner,2016-2018,1
ray-dauber-1,Ray Dauber,1928-1938,0
doug-davalos-1,Doug Davalos,2007-2013,0
dick-davey-1,Dick Davey,1993-2007,0
george-davidson-2,George Davidson,1956-1967,0
chick-davies-1,Chick Davies,1925-1948,0
bob-davis-1,Bob Davis,1974-1978,0
dick-davis-1,Dick Davis,1971-1974,0
emmett-davis-1,Emmett Davis,1999-2011,0
joe-davis-2,Joe Davis,1932-1949,0
joe-davis-3,Joe Davis,1985-1988,0
john-davis-2,John Davis,1932-1945,0
keno-davis-1,Keno Davis,2008-2018,1
kermit-davis-2,Kermit Davis,1971-1977,0
kermit-davis-1,Kermit Davis,1989-2018,1
larry-davis-4,Larry Davis,1998-2006,0
mike-davis-6,Mike Davis,2001-2018,1
nathan-davis-2,Nathan Davis,2016-2018,1
tom-davis-1,Tom Davis,1972-2007,0
johnny-dawkins-1,Johnny Dawkins,2009-2018,1
fred-dawson-1,Fred Dawson,1913-1919,0
everett-dean-1,Everett Dean,1922-1951,0
mike-deane-1,Mike Deane,1987-2010,0
tom-deaton-1,Tom Deaton,1981-1989,0
ed-dechellis-1,Ed DeChellis,1997-2018,1
travis-decuire-1,Travis DeCuire,2015-2018,1
johnny-dee-1,Johnny Dee,1953-1971,0
joseph-deering-1,Joseph Deering,1917-1925,0
benny-dees-1,Benny Dees,1986-1995,0
ed-delacy-1,Ed DeLacy,1979-1983,0
mike-dement-1,Mike Dement,1987-2012,0
tommy-dempsey-1,Tommy Dempsey,2006-2018,1
pat-dennis-1,Pat Dennis,1993-2006,0
joe-desantis-1,Joe DeSantis,1999-2007,0
raymond-detrick-1,Raymond Detrick,1923-1935,0
don-devoe-1,Don DeVoe,1972-2004,0
george-dewey-1,George Dewey,1923-1925,0
dick-dibiaso-1,Dick DiBiaso,1976-1982,0
howie-dickenman-1,Howie Dickenman,1997-2016,0
dave-dickerson-1,Dave Dickerson,2006-2010,0
henry-dickerson-1,Henry Dickerson,1998-2002,0
james-dickey-1,James Dickey,1992-2014,0
ea-diddle-1,E.A. Diddle,1923-1964,0
marshall-diebold-1,Marshall Diebold,1931-1934,0
ray-dieringer-1,Ray Dieringer,1973-1983,0
tracy-dildy-1,Tracy Dildy,2011-2018,1
sherman-dillard-1,Sherman Dillard,1995-2004,0
jamie-dixon-1,Jamie Dixon,2004-2018,1
juan-dixon-1,Juan Dixon,2018,1
frank-dobbs-1,Frank Dobbs,1992-1999,0
wayne-dobbs-1,Wayne Dobbs,1968-1979,0
frank-dobson-1,Frank Dobson,1912-1933,0
matt-doherty-1,Matt Doherty,2000-2012,0
cameron-dollar-1,Cameron Dollar,2011-2017,0
edmund-dollard-1,Edmund Dollard,1912-1924,0
john-donahue-1,John Donahue,1912-1919,0
mike-donahue-1,Mike Donahue,1906-1921,0
steve-donahue-1,Steve Donahue,2001-2018,1
bob-donewald-1,Bob Donewald,1979-2000,0
billy-donlon-1,Billy Donlon,2011-2016,0
don-donoher-1,Don Donoher,1965-1989,0
jack-donohue-1,Jack Donohue,1966-1972,0
billy-donovan-1,Billy Donovan,1995-2015,0
edward-donovan-1,Edward Donovan,1954-1961,0
william-donovan-1,William Donovan,1953-1961,0
joe-dooley-1,Joe Dooley,1996-2018,1
don-doucette-1,Don Doucette,1989-1993,0
neil-dougherty-1,Neil Dougherty,2003-2008,0
pat-douglass-1,Pat Douglass,1998-2010,0
barry-dowd-1,Barry Dowd,1969-1985,0
duck-dowell-1,Duck Dowell,1956-1968,0
bruce-drake-1,Bruce Drake,1939-1955,0
bryce-drew-1,Bryce Drew,2012-2018,1
homer-drew-1,Homer Drew,1989-2011,0
scott-drew-1,Scott Drew,2003-2018,1
weldon-drew-1,Weldon Drew,1980-1985,0
lefty-driesell-1,Lefty Driesell,1961-2003,0
matthew-driscoll-1,Matthew Driscoll,2010-2018,1
bill-driver-1,Bill Driver,1918-1922,0
john-dromo-1,John Dromo,1968-1971,0
don-drumm-1,Don Drumm,1909-1917,0
mac-duckworth-1,Mac Duckworth,1964-1968,0
glenn-duhon-1,Glenn Duhon,1978-1987,0
dave-duke-1,Dave Duke,1989-1996,0
bob-dukiet-1,Bob Dukiet,1980-1989,0
mike-dunlap-1,Mike Dunlap,2015-2018,1
baker-dunleavy-1,Baker Dunleavy,2018,1
mike-dunleavy-1,Mike Dunleavy,2017-2018,1
jerry-dunn-1,Jerry Dunn,1996-2003,0
john-dunne-1,John Dunne,2007-2018,1
fran-dunphy-1,Fran Dunphy,1990-2018,1
randy-dunton-1,Randy Dunton,1998-2007,0
pat-duquette-1,Pat Duquette,2014-2018,1
hugh-durham-1,Hugh Durham,1967-2005,0
jarrett-durham-1,Jarrett Durham,1985-1996,0
mick-durham-1,Mick Durham,1991-2006,0
tim-duryea-1,Tim Duryea,2016-2018,1
brian-dutcher-1,Brian Dutcher,2018,1
jim-dutcher-1,Jim Dutcher,1976-1986,0
schubert-dyche-1,Schubert Dyche,1929-1935,0
bobby-dye-1,Bobby Dye,1975-1995,0
tippy-dye-1,Tippy Dye,1942-1959,0
harlan-dykes-1,Harlan Dykes,1927-1939,0
tommy-joe-eagles-1,Tommy Joe Eagles,1986-1994,0
brian-earl-1,Brian Earl,2017-2018,1
dan-earl-1,Dan Earl,2016-2018,1
jimmy-earle-1,Jimmy Earle,1970-1979,0
orlando-early-1,Orlando Early,2006-2010,0
kevin-eastman-1,Kevin Eastman,1991-1999,0
jerry-eaves-1,Jerry Eaves,2004-2012,0
joel-eaves-1,Joel Eaves,1939-1963,0
jay-eck-1,Jay Eck,1988-1991,0
don-eddy-1,Don Eddy,1982-1986,0
ray-eddy-1,Ray Eddy,1951-1965,0
scott-edgar-1,Scott Edgar,1992-2008,0
hec-edmundson-1,Hec Edmundson,1917-1947,0
allen-edwards-1,Allen Edwards,2017-2018,1
dick-edwards-1,Dick Edwards,1964-1978,0
gary-edwards-1,Gary Edwards,1988-1996,0
george-edwards-1,George Edwards,1927-1946,0
ken-edwards-1,Ken Edwards,1973-1984,0
hank-egan-1,Hank Egan,1972-1994,0
john-egli-1,John Egli,1955-1968,0
dean-ehlers-1,Dean Ehlers,1963-1966,0
rob-ehsan-1,Rob Ehsan,2017-2018,1
ron-ekker-1,Ron Ekker,1974-1982,0
norm-ellenberger-1,Norm Ellenberger,1973-1979,0
brian-ellerbe-1,Brian Ellerbe,1995-2001,0
cliff-ellis-1,Cliff Ellis,1976-2018,1
loren-ellis-1,Loren Ellis,1942-1947,0
marshall-emery-1,Marshall Emery,1974-1988,0
andy-enfield-1,Andy Enfield,2012-2018,1
jim-engles-1,Jim Engles,2010-2018,1
fred-enke-1,Fred Enke,1924-1961,0
rex-enright-1,Rex Enright,1933-1943,0
john-erickson-1,John Erickson,1960-1968,0
lefty-ervin-1,Lefty Ervin,1980-1986,0
craig-esherick-1,Craig Esherick,1999-2004,0
butch-estes-1,Butch Estes,1986-1994,0
larry-eustachy-1,Larry Eustachy,1991-2018,1
anthony-evans-2,Anthony Evans,2008-2018,1
bill-evans-1,Bill Evans,1992-2018,1
fuzzy-evans-1,Fuzzy Evans,1947-1965,0
jessie-evans-1,Jessie Evans,1998-2008,0
john-evans-2,John Evans,1960-1963,0
paul-evans-1,Paul Evans,1981-1994,0
rob-evans-1,Rob Evans,1993-2006,0
ron-everhart-1,Ron Everhart,1995-2012,0
patrick-ewing-1,Patrick Ewing,2018,1
rich-falk-1,Rich Falk,1979-1986,0
houston-fancher-1,Houston Fancher,2001-2018,1
lenny-fant-1,Lenny Fant,1974-1979,0
larry-farmer-1,Larry Farmer,1982-2004,0
david-farrar-1,David Farrar,1992-2001,0
dave-faucher-1,Dave Faucher,1992-2004,0
bob-feerick-1,Bob Feerick,1951-1962,0
dennis-felton-1,Dennis Felton,1999-2018,1
george-felton-1,George Felton,1987-1991,0
bill-ferguson-1,Bill Ferguson,1929-1953,0
jim-ferry-1,Jim Ferry,2003-2017,0
wes-fesler-1,Wes Fesler,1934-1946,0
mark-few-1,Mark Few,2000-2018,1
dick-fick-1,Dick Fick,1992-1997,0
dane-fife-1,Dane Fife,2006-2011,0
matt-figger-1,Matt Figger,2018,1
larry-finch-1,Larry Finch,1987-1997,0
charles-finley-1,Charles Finley,1945-1954,0
shawn-finney-1,Shawn Finney,2001-2005,0
ted-fiore-1,Ted Fiore,1987-1995,0
brian-fish-1,Brian Fish,2015-2018,1
george-fisher-1,George Fisher,1964-1971,0
harry-fisher-1,Harry Fisher,1905-1925,0
steve-fisher-1,Steve Fisher,1989-2017,0
dan-fitzgerald-3,Dan Fitzgerald,1979-1997,0
wes-flanigan-1,Wes Flanigan,2017-2018,1
pat-flannery-1,Pat Flannery,1995-2008,0
marty-fletcher-1,Marty Fletcher,1983-2001,0
bruiser-flint-1,Bruiser Flint,1997-2016,0
george-flint-1,George Flint,1912-1921,0
tim-floyd-1,Tim Floyd,1987-2018,1
karl-fogel-1,Karl Fogel,1987-1994,0
eddie-fogler-1,Eddie Fogler,1987-2001,0
thomas-foley-1,Thomas Foley,1951-1955,0
steve-forbes-3,Steve Forbes,2016-2018,1
dana-ford-1,Dana Ford,2015-2018,1
geno-ford-1,Geno Ford,2009-2015,0
travis-ford-1,Travis Ford,2001-2018,1
lennox-forrester-1,Lennox Forrester,2011-2015,0
ken-fortenberry-1,Ken Fortenberry,1981-1984,0
bill-c-foster-1,Bill C. Foster,1973-1997,0
bill-e-foster-1,Bill E. Foster,1964-1993,0
blue-foster-1,Blue Foster,1943-1949,0
bud-foster-1,Bud Foster,1935-1959,0
pat-foster-1,Pat Foster,1981-1999,0
ned-fowler-1,Ned Fowler,1982-1996,0
jim-fox-1,Jim Fox,2015-2018,1
mark-fox-1,Mark Fox,2005-2018,1
richard-fox-3,Richard Fox,1928-1936,0
ew-foy-1,E.W. Foy,1975-1977,0
fran-fraschilla-1,Fran Fraschilla,1993-2002,0
dwight-freeman-1,Dwight Freeman,1991-2007,0
james-freeman-1,James Freeman,1928-1948,0
bill-frieder-1,Bill Frieder,1981-1997,0
gerry-friel-1,Gerry Friel,1970-1989,0
jack-friel-1,Jack Friel,1929-1958,0
chris-fuller-2,Chris Fuller,1996-2001,0
matt-furjanic-1,Matt Furjanic,1980-1986,0
roger-gaeckler-1,Roger Gaeckler,1973-1979,0
bob-gaillard-1,Bob Gaillard,1971-1978,0
smokey-gaines-1,Smokey Gaines,1978-1987,0
tommy-gaither-1,Tommy Gaither,1984-1991,0
jimmy-gales-1,Jimmy Gales,1987-1993,0
john-gallagher-1,John Gallagher,2011-2018,1
taps-gallagher-1,Taps Gallagher,1932-1965,0
gus-ganakas-1,Gus Ganakas,1970-1976,0
eran-ganot-1,Eran Ganot,2014-2018,1
ron-ganulin-1,Ron Ganulin,1992-2005,0
greg-gard-1,Greg Gard,2016-2018,1
bill-gardiner-1,Bill Gardiner,1960-1966,0
jack-gardner-1,Jack Gardner,1940-1971,0
jason-gardner-1,Jason Gardner,2015-2018,1
joedy-gardner-1,Joedy Gardner,1975-1981,0
dick-garibaldi-1,Dick Garibaldi,1963-1970,0
gary-garner-1,Gary Garner,1982-2006,0
murray-garvin-1,Murray Garvin,2013-2018,1
dino-gaudio-1,Dino Gaudio,1994-2010,0
dave-gavitt-1,Dave Gavitt,1968-1979,0
roy-geary-1,Roy Geary,1917-1932,0
jayson-gee-1,Jayson Gee,2014-2018,1
gerry-gerard-1,Gerry Gerard,1943-1950,0
ron-gerlufsen-1,Ron Gerlufsen,1984-1988,0
tyler-geving-1,Tyler Geving,2010-2017,0
ray-giacoletti-1,Ray Giacoletti,2001-2017,0
john-giannini-1,John Giannini,1997-2018,1
bill-gibson-1,Bill Gibson,1964-1975,0
eugene-gibson-1,Eugene Gibson,1962-1969,0
mel-gibson-1,Mel Gibson,1977-1986,0
slats-gill-1,Slats Gill,1929-1964,0
pete-gillen-1,Pete Gillen,1986-2005,0
mike-gillespie-1,Mike Gillespie,2002-2007,0
mike-gillian-1,Mike Gillian,2008-2013,0
billy-gillispie-1,Billy Gillispie,2003-2012,0
gerry-gimelstob-1,Gerry Gimelstob,1982-1985,0
grey-giovanine-1,Grey Giovanine,1994-1999,0
larry-gipson-1,Larry Gipson,1992-1996,0
larry-glass-1,Larry Glass,1964-1969,0
ralph-glaze-1,Ralph Glaze,1911-1921,0
marshall-glenn-1,Marshall Glenn,1934-1938,0
joe-dan-gold-1,Joe Dan Gold,1966-1974,0
joe-golding-1,Joe Golding,2014-2018,1
bobby-gonzalez-1,Bobby Gonzalez,2000-2010,0
harry-good-3,Harry Good,1944-1954,0
max-good-1,Max Good,1982-2014,0
mark-gottfried-1,Mark Gottfried,1996-2017,0
bob-gottlieb-1,Bob Gottlieb,1974-1980,0
country-graham-1,Country Graham,1950-1962,0
greg-graham-2,Greg Graham,2003-2010,0
anthony-grant-2,Anthony Grant,2007-2018,1
earl-grant-1,Earl Grant,2015-2018,1
michael-grant-1,Michael Grant,2004-2017,0
tiny-grant-1,Tiny Grant,1978-1991,0
matthew-graves-1,Matthew Graves,2014-2018,1
tubby-graves-1,Tubby Graves,1913-1922,0
rich-grawer-1,Rich Grawer,1983-1992,0
jack-gray-1,Jack Gray,1937-1951,0
john-grayson-1,John Grayson,1959-1963,0
murray-greason-1,Murray Greason,1934-1957,0
james-green-1,James Green,1997-2016,0
jerry-green-2,Jerry Green,1987-2001,0
sidney-green-1,Sidney Green,2000-2005,0
tom-green-1,Tom Green,1984-2009,0
tommy-green-1,Tommy Green,1997-2001,0
brad-greenberg-1,Brad Greenberg,2008-2011,0
seth-greenberg-1,Seth Greenberg,1991-2012,0
ronald-greene-1,Ronald Greene,1967-1989,0
royner-greene-1,Royner Greene,1947-1959,0
hugh-greer-1,Hugh Greer,1947-1963,0
brian-gregory-1,Brian Gregory,2004-2018,1
ed-gregory-1,Ed Gregory,1971-1977,0
paul-gregory-1,Paul Gregory,1948-1955,0
tim-grgurich-1,Tim Grgurich,1976-1995,0
bill-grier-1,Bill Grier,2008-2015,0
john-griffin-3,John Griffin,1983-1995,0
mike-griffin-1,Mike Griffin,1977-1982,0
john-griffith-1,John Griffith,1906-1920,0
john-groce-1,John Groce,2009-2018,1
elmer-gross-1,Elmer Gross,1950-1954,0
brandon-grover-1,Brandon Grover,1923-1938,0
ivan-guevara-1,Ivan Guevara,1972-1979,0
marcel-guley-1,Marcel Guley,1951-1962,0
blair-gullion-1,Blair Gullion,1936-1959,0
bill-guthridge-1,Bill Guthridge,1998-2000,0
jack-guy-1,Jack Guy,1948-1957,0
jerod-haase-1,Jerod Haase,2013-2018,1
ray-haesler-1,Ray Haesler,1974-1977,0
robert-hager-1,Robert Hager,1923-1928,0
thomas-haggerty-1,Thomas Haggerty,1937-1950,0
billy-hahn-1,Billy Hahn,1987-2004,0
robert-haire-1,Robert Haire,1949-1952,0
frank-haith-1,Frank Haith,2005-2018,1
bruce-hale-1,Bruce Hale,1955-1973,0
jerry-hale-1,Jerry Hale,1975-1977,0
pat-haley-1,Pat Haley,1972-1976,0
joe-b-hall-1,Joe B. Hall,1962-1985,0
jim-hallahan-1,Jim Hallahan,1979-1982,0
bob-hallberg-1,Bob Hallberg,1985-1996,0
jim-haller-1,Jim Haller,1977-1985,0
bob-hamilton-1,Bob Hamilton,1977-1980,0
leonard-hamilton-1,Leonard Hamilton,1987-2018,1
wo-hamilton-1,W.O. Hamilton,1910-1919,0
brian-hammel-1,Brian Hammel,1992-2001,0
walt-hammond-1,Walt Hammond,1914-1919,0
jim-haney-1,Jim Haney,1979-1983,0
mel-hankinson-1,Mel Hankinson,1985-2002,0
mike-hanks-1,Mike Hanks,1982-1987,0
edward-hanrahan-1,Edward Hanrahan,1910-1920,0
derrin-hansen-1,Derrin Hansen,2013-2018,1
paul-hansen-1,Paul Hansen,1974-1986,0
al-harden-1,Al Harden,1973-1977,0
jim-harding-1,Jim Harding,1958-1973,0
w-hardman-1,W. Hardman,1907-1925,0
john-harmon-1,John Harmon,1925-1935,0
don-harnum-1,Don Harnum,1972-2005,0
bruce-haroldson-1,Bruce Haroldson,1979-1983,0
dick-harp-1,Dick Harp,1957-1964,0
jesse-harper-1,Jesse Harper,1911-1918,0
ray-harper-1,Ray Harper,2012-2018,1
bill-harrell-1,Bill Harrell,1970-1974,0
frank-harrell-1,Frank Harrell,1989-1998,0
jim-harrick-1,Jim Harrick,1980-2003,0
joe-harrington-1,Joe Harrington,1980-1996,0
jon-harris-4,Jon Harris,2016-2018,1
charlie-harrison-1,Charlie Harrison,1980-1987,0
larry-harrison-1,Larry Harrison,2001-2006,0
pops-harrison-1,Pops Harrison,1943-1950,0
robert-harrison-1,Robert Harrison,1969-1973,0
marv-harshman-1,Marv Harshman,1959-1985,0
dick-harter-1,Dick Harter,1967-1983,0
howard-hartman-1,Howard Hartman,1950-1962,0
jack-hartman-1,Jack Hartman,1968-1986,0
tony-harvey-2,Tony Harvey,2009-2012,0
clem-haskins-1,Clem Haskins,1981-1999,0
don-haskins-1,Don Haskins,1962-1999,0
ray-haskins-1,Ray Haskins,1996-1998,0
jim-hatfield-1,Jim Hatfield,1976-1983,0
bob-hawking-1,Bob Hawking,1995-2000,0
earl-hawkins-1,Earl Hawkins,1989-1995,0
steve-hawkins-1,Steve Hawkins,2004-2018,1
doc-hayes-1,Doc Hayes,1948-1967,0
ec-hayes-1,E.C. Hayes,1912-1924,0
ken-hayes-1,Ken Hayes,1969-1983,0
willie-hayes-1,Willie Hayes,2012-2017,0
jim-hayford-1,Jim Hayford,2012-2018,1
homer-hazel-1,Homer Hazel,1926-1930,0
walt-hazzard-1,Walt Hazzard,1985-1988,0
stan-heath-1,Stan Heath,2002-2014,0
jud-heathcote-1,Jud Heathcote,1972-1995,0
roy-heckman-1,Roy Heckman,1968-1972,0
darrell-hedric-1,Darrell Hedric,1971-1984,0
mike-heideman-1,Mike Heideman,1996-2002,0
bill-henderson-1,BIll Henderson,1942-1961,0
cam-henderson-1,Cam Henderson,1936-1955,0
david-henderson-1,David Henderson,2001-2006,0
mitch-henderson-1,Mitch Henderson,2012-2018,1
bill-hennigh-1,Bill Hennigh,1936-1941,0
lou-henson-1,Lou Henson,1963-2005,0
steve-henson-1,Steve Henson,2017-2018,1
greg-herenda-1,Greg Herenda,2014-2018,1
dutch-hermann-1,Dutch Hermann,1916-1932,0
rene-herrerias-1,Rene Herrerias,1961-1968,0
rich-herrin-1,Rich Herrin,1986-1998,0
bill-herrion-1,Bill Herrion,1992-2018,1
tom-herrion-1,Tom Herrion,2003-2014,0
pete-herrmann-1,Pete Herrmann,1987-1992,0
paul-hewitt-1,Paul Hewitt,1998-2015,0
eddie-hickey-1,Eddie Hickey,1936-1964,0
peck-hickman-1,Peck Hickman,1945-1967,0
edward-hickox-1,Edward Hickox,1915-1935,0
armond-hill-1,Armond Hill,1996-2003,0
bj-hill-1,B.J. Hill,2011-2016,0
brian-hill-2,Brian Hill,1976-1983,0
frank-hill-1,Frank Hill,1912-1943,0
lew-hill-1,Lew Hill,2017-2018,1
jay-hillock-1,Jay Hillock,1982-1992,0
jerry-hines-1,Jerry Hines,1930-1947,0
tony-hinkle-1,Tony Hinkle,1927-1970,0
barry-hinson-1,Barry Hinson,1998-2018,1
dan-hipsher-1,Dan Hipsher,1994-2016,0
lew-hirt-1,Lew Hirt,1947-1951,0
dick-hitt-1,Dick Hitt,1940-1947,0
david-hobbs-1,David Hobbs,1993-1998,0
karl-hobbs-1,Karl Hobbs,2002-2011,0
fred-hobdy-1,Fred Hobdy,1978-1986,0
howard-hobson-1,Howard Hobson,1936-1956,0
bill-hodges-1,Bill Hodges,1979-1997,0
harlan-hodges-1,Harlan Hodges,1954-1959,0
bob-hoffman-1,Bob Hoffman,2000-2018,1
fred-hoiberg-1,Fred Hoiberg,2011-2015,0
eddie-holbrook-1,Eddie Holbrook,1979-1982,0
ernest-hole-1,Ernest Hole,1927-1931,0
brad-holland-1,Brad Holland,1993-2007,0
terry-holland-1,Terry Holland,1970-1990,0
nat-holman-1,Nat Holman,1920-1952,0
don-holst-1,Don Holst,1999-2002,0
jim-holstein-1,Jim Holstein,1973-1977,0
van-holt-1,Van Holt,2003-2008,0
chris-holtmann-1,Chris Holtmann,2011-2018,1
michael-holton-1,Michael Holton,2002-2006,0
lester-hooker-1,Lester Hooker,1952-1963,0
jason-hooten-1,Jason Hooten,2011-2018,1
jerry-hopkins-1,Jerry Hopkins,1992-1998,0
mike-hopkins-1,Mike Hopkins,2016-2018,1
phil-hopkins-1,Phil Hopkins,1996-2000,0
robert-hopkins-1,Robert Hopkins,1985-1992,0
darrin-horn-1,Darrin Horn,2004-2012,0
wade-houston-1,Wade Houston,1990-1994,0
ben-howland-1,Ben Howland,1995-2018,1
joseph-hoy-1,Joseph Hoy,1953-1958,0
clyde-hubbard-1,Clyde Hubbard,1933-1940,0
rick-huckabay-1,Rick Huckabay,1984-1989,0
berl-huffman-1,Berl Huffman,1936-1952,0
michael-huger-1,Michael Huger,2016-2018,1
bob-huggins-1,Bob Huggins,1985-2018,1
harry-hughes-1,Harry Hughes,1912-1925,0
skip-hughes-1,Skip Hughes,1956-1966,0
thurman-hull-1,Thurman Hull,1952-1956,0
robert-hulton-1,Robert Hulton,1959-1973,0
dick-hunsaker-1,Dick Hunsaker,1990-2015,0
claude-hunt-1,Claude Hunt,1914-1919,0
lee-hunt-1,Lee Hunt,1983-1996,0
george-hunter-1,George Hunter,1959-1963,0
larry-hunter-1,Larry Hunter,1990-2018,1
ron-hunter-1,Ron Hunter,1999-2018,1
shy-huntington-1,Shy Huntington,1901-1920,0
bobby-hurley-1,Bobby Hurley,2014-2018,1
dan-hurley-1,Dan Hurley,2011-2018,1
brad-huse-1,Brad Huse,2007-2014,0
bobby-hussey-1,Bobby Hussey,1982-1999,0
joe-hutton-1,Joe Hutton,1945-1948,0
whack-hyder-1,Whack Hyder,1952-1973,0
clarence-iba-1,Clarence Iba,1950-1960,0
gene-iba-1,Gene Iba,1978-1992,0
hank-iba-1,Hank Iba,1930-1970,0
moe-iba-1,Moe Iba,1967-1994,0
martin-ingelsby-1,Martin Ingelsby,2017-2018,1
connie-inman-1,Connie Inman,1970-1976,0
stuart-inman-1,Stuart Inman,1961-1966,0
george-ireland-1,George Ireland,1952-1975,0
george-ivory-1,George Ivory,2009-2018,1
tom-izzo-1,Tom Izzo,1996-2018,1
donte-jackson-1,Donte Jackson,2018,1
greg-jackson-1,Greg Jackson,2001-2014,0
jeff-jackson-2,Jeff Jackson,1997-2013,0
lewis-jackson-2,Lewis Jackson,2006-2018,1
doc-jacobs-1,Doc Jacobs,1912-1936,0
ben-jacobson-4,Ben Jacobson,2007-2018,1
aaron-james-1,Aaron James,1990-1995,0
tim-jankovich-1,Tim Jankovich,1994-2018,1
chris-jans-1,Chris Jans,2015-2018,1
cob-jarvis-1,Cob Jarvis,1969-1976,0
mike-jarvis-1,Mike Jarvis,1986-2014,0
tony-jasick-1,Tony Jasick,2012-2018,1
jerome-jenkins-1,Jerome Jenkins,2001-2008,0
rod-jensen-1,Rod Jensen,1996-2002,0
rob-jeter-1,Rob Jeter,2006-2016,0
ron-jirsa-1,Ron Jirsa,1998-2007,0
ben-jobe-1,Ben Jobe,1972-2003,0
jay-john-1,Jay John,2003-2008,0
maury-john-1,Maury John,1959-1974,0
wilbur-johns-1,Wilbur Johns,1940-1948,0
austin-johnson-3,Austin Johnson,1911-1922,0
avery-johnson-1,Avery Johnson,2016-2018,1
ellis-johnson-1,Ellis Johnson,1964-1969,0
eugene-johnson-1,Eugene Johnson,1929-1933,0
frank-johnson-3,Frank Johnson,1939-1958,0
keith-johnson-4,Keith Johnson,2018,1
kevin-johnson-4,Kevin Johnson,2000-2005,0
phil-johnson-1,Phil Johnson,1999-2018,1
phil-johnson-2,Phil Johnson,1969-1971,0
rees-johnson-1,Rees Johnson,1991-1998,0
richard-johnson-1,Richard Johnson,1996-2002,0
roy-johnson-2,Roy Johnson,1920-1940,0
sydney-johnson-1,Sydney Johnson,2008-2018,1
trent-johnson-1,Trent Johnson,2000-2016,0
bobby-jones-4,Bobby Jones,2000-2008,0
brian-jones-2,Brian Jones,2011-2018,1
donnie-jones-1,Donnie Jones,2008-2016,0
dwight-jones-4,Dwight Jones,1975-1978,0
james-jones-3,James Jones,2000-2018,1
jeff-jones-4,Jeff Jones,1989-1994,0
jeff-jones-3,Jeff Jones,1991-2018,1
joe-jones-1,Joe Jones,2004-2018,1
johnny-jones-2,Johnny Jones,2000-2017,0
mike-jones-7,Mike Jones,2012-2018,1
ralph-jones-1,Ralph Jones,1904-1920,0
robert-jones-1,Robert Jones,2014-2018,1
tommy-jones-1,Tommy Jones,1986-1989,0
wyking-jones-1,Wyking Jones,2018,1
stan-joplin-1,Stan Joplin,1997-2008,0
john-jordan-1,John Jordan,1951-1964,0
lavall-jordan-1,LaVall Jordan,2017-2018,1
lloyd-jordan-1,Lloyd Jordan,1929-1932,0
ralph-jordan-1,Ralph Jordan,1934-1950,0
thomas-jorgensen-1,Thomas Jorgensen,1968-1973,0
maurice-joseph-1,Maurice Joseph,2017-2018,1
lon-jourdet-1,Lon Jourdet,1915-1943,0
edward-joyner-1,Edward Joyner,2010-2018,1
jay-joyner-1,Jay Joyner,2016-2018,1
ed-jucker-1,Ed Jucker,1947-1965,0
rob-judson-1,Rob Judson,2002-2007,0
doggie-julian-1,Doggie Julian,1937-1967,0
bill-kajikawa-1,Bill Kajikawa,1951-1957,0
greg-kampe-1,Greg Kampe,2000-2018,1
kurt-kanaskie-1,Kurt Kanaskie,1997-2003,0
marty-karow-1,Marty Karow,1935-1950,0
danny-kaspar-1,Danny Kaspar,2001-2018,1
brian-katz-2,Brian Katz,2009-2018,1
gene-keady-1,Gene Keady,1979-2005,0
tom-keady-1,Tom Keady,1911-1925,0
frank-keaney-1,Frank Keaney,1921-1948,0
chuck-kearney-1,Chuck Kearney,1920-1924,0
kerry-keating-1,Kerry Keating,2008-2016,0
kevin-keatts-1,Kevin Keatts,2015-2018,1
rudy-keeling-1,Rudy Keeling,1989-2001,0
edward-kelleher-1,Edward Kelleher,1922-1945,0
kyle-keller-1,Kyle Keller,2017-2018,1
john-kellison-1,John Kellison,1930-1939,0
derek-kellogg-1,Derek Kellogg,2009-2018,1
jim-kelly-1,Jim Kelly,1930-1936,0
lake-kelly-1,Lake Kelly,1972-1990,0
pat-kelsey-1,Pat Kelsey,2013-2018,1
andy-kennedy-1,Andy Kennedy,2006-2018,1
billy-kennedy-1,Billy Kennedy,1998-2018,1
brian-kennedy-1,Brian Kennedy,2017-2018,1
bud-kennedy-1,Bud Kennedy,1957-1966,0
burt-kennedy-1,Burt Kennedy,1909-1914,0
don-kennedy-1,Don Kennedy,1966-1972,0
pat-kennedy-1,Pat Kennedy,1981-2011,0
neil-kennett-1,Neil Kennett,1983-1989,0
dan-kenney-1,Dan Kenney,1993-1998,0
ernie-kent-1,Ernie Kent,1992-2018,1
maurice-kent-1,Maurice Kent,1910-1927,0
george-keogan-1,George Keogan,1916-1943,0
dustin-kerns-1,Dustin Kerns,2018,1
frank-kerns-1,Frank Kerns,1982-1995,0
andrew-kerr-1,Andrew Kerr,1922-1926,0
jim-kerwin-1,Jim Kerwin,1993-2003,0
ron-kestenbaum-1,Ron Kestenbaum,1980-1992,0
ellison-ketchum-1,Ellison Ketchum,1941-1949,0
thomas-kibler-1,Thomas Kibler,1909-1925,0
matt-kilcullen-1,Matt Kilcullen,1992-1998,0
jim-killingsworth-1,Jim Killingsworth,1972-1987,0
edwin-kimball-1,Edwin Kimball,1936-1941,0
bob-king-1,Bob King,1963-1978,0
george-king-1,George King,1961-1972,0
dana-kirk-1,Dana Kirk,1977-1986,0
bill-kirsch-1,Bill Kirsch,1977-1982,0
jimmy-kitts-1,Jimmy Kitts,1933-1938,0
william-kline-1,William Kline,1912-1925,0
bob-knight-1,Bob Knight,1966-2008,0
pat-knight-1,Pat Knight,2008-2014,0
chris-knoche-1,Chris Knoche,1991-1997,0
don-knodel-1,Don Knodel,1967-1974,0
eric-konkol-1,Eric Konkol,2016-2018,1
tod-kowalczyk-1,Tod Kowalczyk,2003-2018,1
jack-kraft-1,Jack Kraft,1962-1981,0
moose-krause-1,Moose Krause,1940-1951,0
john-kresse-1,John Kresse,1992-2002,0
ben-kribbs-1,Ben Kribbs,1953-1962,0
rob-krimmel-1,Rob Krimmel,2013-2018,1
lon-kruger-1,Lon Kruger,1983-2018,1
larry-krystkowiak-1,Larry Krystkowiak,2005-2018,1
mike-krzyzewski-1,Mike Krzyzewski,1976-2018,1
dick-kuchen-1,Dick Kuchen,1979-1999,0
john-kuester-1,John Kuester,1984-1990,0
john-kundla-1,John Kundla,1960-1968,0
frank-la-porte-1,Frank La Porte,1974-1979,0
jay-ladner-1,Jay Ladner,2015-2018,1
robbie-laing-1,Robbie Laing,2004-2013,0
red-laird-1,Red Laird,1932-1955,0
dobbie-lambert-1,Dobbie Lambert,1958-1962,0
eugene-lambert-1,Eugene Lambert,1943-1960,0
paul-lambert-1,Paul Lambert,1967-1978,0
piggy-lambert-1,Piggy Lambert,1917-1946,0
elmer-lampe-1,Elmer Lampe,1939-1950,0
john-lance-1,John Lance,1927-1931,0
paul-landis-1,Paul Landis,1926-1942,0
bill-lange-1,Bill Lange,1940-1944,0
billy-lange-1,Billy Lange,2005-2011,0
matt-langel-1,Matt Langel,2012-2018,1
rob-lanier-1,Rob Lanier,2002-2005,0
henry-lannigan-1,Henry Lannigan,1906-1929,0
greg-lansing-1,Greg Lansing,2011-2018,1
joe-lapchick-1,Joe Lapchick,1937-1965,0
mike-laplante-1,Mike LaPlante,2001-2008,0
steve-lappas-1,Steve Lappas,1989-2005,0
harry-larrabee-1,Harry Larrabee,1987-1991,0
jim-larranaga-1,Jim Larranaga,1987-2018,1
bruce-larson-1,Bruce Larson,1962-1972,0
anthony-latina-1,Anthony Latina,2014-2018,1
bobby-laughlin-1,Bobby Laughlin,1956-1965,0
billy-laval-1,Billy Laval,1920-1933,0
rudy-lavik-1,Rudy Lavik,1928-1947,0
john-lavin-1,John Lavin,1920-1926,0
steve-lavin-1,Steve Lavin,1997-2015,0
jake-lawlor-1,Jake Lawlor,1943-1948,0
karl-lawrence-1,Karl Lawrence,1942-1949,0
red-lawson-1,Red Lawson,1952-1965,0
john-lawther-1,John Lawther,1927-1949,0
frank-layden-1,Frank Layden,1969-1976,0
dale-layer-1,Dale Layer,2001-2015,0
jack-leaman-1,Jack Leaman,1967-1979,0
doyle-leathers-1,Doyle Leathers,1917-1922,0
jeff-lebo-1,Jeff Lebo,1999-2018,1
bob-leckie-1,Bob Leckie,2001-2006,0
bebe-lee-1,Bebe Lee,1946-1956,0
billy-lee-1,Billy Lee,1986-2003,0
robert-lee-1,Robert Lee,2005-2010,0
roy-leenig-1,Roy Leenig,1956-1961,0
alan-leforce-1,Alan LeForce,1991-1996,0
shantay-legans-1,Shantay Legans,2018,1
bob-snake-legrand-1,Bob Snake LeGrand,1977-1987,0
dave-leitao-1,Dave Leitao,1995-2018,1
abe-lemons-1,Abe Lemons,1956-1985,0
john-leone-1,John Leone,1989-1995,0
jim-les-1,Jim Les,2003-2018,1
adolph-lewandowski-1,Adolph Lewandowski,1933-1945,0
fred-b-lewis-1,Fred B. Lewis,1963-1968,0
guy-lewis-1,Guy Lewis,1957-1986,0
todd-lickliter-1,Todd Lickliter,2002-2010,0
jeff-linder-1,Jeff Linder,2017-2018,1
larry-little-1,Larry Little,1972-1985,0
willie-little-1,Willie Little,1984-1987,0
craig-littlepage-1,Craig Littlepage,1983-1988,0
harry-litwack-1,Harry Litwack,1953-1973,0
walter-livingston-1,Walter Livingston,1912-1927,0
paul-lizzo-1,Paul Lizzo,1976-1995,0
al-lobalbo-1,Al Lobalbo,1970-1980,0
art-loche-1,Art Loche,1966-1972,0
tates-locke-1,Tates Locke,1964-1994,0
kenneth-loeffler-1,Kenneth Loeffler,1936-1957,0
dutch-lonborg-1,Dutch Lonborg,1924-1950,0
mike-lonergan-1,Mike Lonergan,2006-2016,0
pete-lonergan-1,Pete Lonergan,1974-1985,0
dave-loos-1,Dave Loos,1991-2017,0
ray-lopes-1,Ray Lopes,2003-2005,0
matt-lottich-1,Matt Lottich,2017-2018,1
john-lotz-1,John Lotz,1974-1979,0
sidney-lowe-1,Sidney Lowe,2007-2011,0
chris-lowery-1,Chris Lowery,2005-2012,0
emmett-lowery-1,Emmett Lowery,1948-1959,0
guy-lowman-1,Guy Lowman,1909-1920,0
jerry-loyd-1,Jerry Loyd,1990-1994,0
fred-luehring-1,Fred Luehring,1913-1920,0
bart-lundy-1,Bart Lundy,2004-2009,0
billy-lush-1,Billy Lush,1909-1922,0
william-lush-1,William Lush,1907-1916,0
paul-lusk-1,Paul Lusk,2012-2018,1
cal-luther-1,Cal Luther,1959-1999,0
bobby-lutz-1,Bobby Lutz,1999-2010,0
jim-lynam-1,Jim Lynam,1969-1981,0
daniel-lynch-1,Daniel Lynch,1949-1969,0
jerry-lyne-1,Jerry Lyne,1975-1980,0
bill-lynn-1,Bill Lynn,1963-1973,0
paul-lynner-1,Paul Lynner,1967-1972,0
nick-macarchuk-1,Nick Macarchuk,1978-2005,0
mike-macdonald-1,Mike MacDonald,1998-2006,0
chris-mack-1,Chris Mack,2010-2018,1
kevin-mackey-1,Kevin Mackey,1984-1990,0
bob-mackinnon-1,Bob MacKinnon,1959-1972,0
john-macleod-1,John MacLeod,1968-1999,0
david-macmillan-1,David MacMillan,1921-1927,0
sam-macneil-1,Sam MacNeil,1960-1968,0
kyle-macy-1,Kyle Macy,1998-2006,0
slip-madigan-1,Slip Madigan,1921-1930,0
tony-madlock-1,Tony Madlock,2018,1
don-maestri-1,Don Maestri,1994-2013,0
dave-magarity-1,Dave Magarity,1979-2004,0
jack-magee-1,Jack Magee,1967-1972,0
buddy-mahar-1,Buddy Mahar,1979-1984,0
brian-mahoney-1,Brian Mahoney,1979-1996,0
dan-majerle-1,Dan Majerle,2014-2018,1
rick-majerus-1,Rick Majerus,1984-2012,0
alan-major-1,Alan Major,2011-2015,0
mike-maker-1,Mike Maker,2015-2018,1
bus-male-1,Bus Male,1952-1957,0
danny-manning-1,Danny Manning,2013-2018,1
red-manning-1,Red Manning,1959-1974,0
press-maravich-1,Press Maravich,1957-1975,0
jack-margenthaler-1,Jack Margenthaler,1982-1992,0
bertram-maris-1,Bertram Maris,1908-1912,0
wally-marks-1,Wally Marks,1928-1938,0
bob-marlin-1,Bob Marlin,1999-2018,1
donnie-marsh-1,Donnie Marsh,2001-2018,1
donyell-marshall-1,Donyell Marshall,2017-2018,1
gregg-marshall-1,Gregg Marshall,1999-2018,1
phil-martelli-1,Phil Martelli,1996-2018,1
cuonzo-martin-1,Cuonzo Martin,2009-2018,1
don-martin-1,Don Martin,1954-1962,0
edward-martin-1,Edward Martin,1978-1985,0
frank-martin-1,Frank Martin,2008-2018,1
jack-martin-1,Jack Martin,1951-1976,0
mike-martin-1,Mike Martin,2013-2018,1
wayne-martin-1,Wayne Martin,1979-1987,0
steve-masiello-1,Steve Masiello,2012-2018,1
bashir-mason-1,Bashir Mason,2013-2018,1
rollie-massimino-1,Rollie Massimino,1974-2003,0
matt-matheny-2,Matt Matheny,2010-2018,1
ej-mather-1,E.J. Mather,1912-1928,0
philip-mathews-1,Philip Mathews,1996-2004,0
thad-matta-1,Thad Matta,2001-2017,0
john-mauer-1,John Mauer,1928-1960,0
john-maulbetsch-1,John Maulbetsch,1922-1929,0
sam-mcallister-1,Sam McAllister,1931-1951,0
tony-mcandrews-1,Tony McAndrews,1981-1987,0
roy-mcarthur-1,Roy McArthur,1947-1951,0
paul-mcbrayer-1,Paul McBrayer,1948-1962,0
mickey-mcbride-1,Mickey McBride,1929-1931,0
charles-mccabe-1,Charles McCabe,1910-1916,0
james-mccafferty-1,James McCafferty,1958-1963,0
fran-mccaffery-1,Fran McCaffery,1986-2018,1
brian-mccall-1,Brian McCall,1962-1968,0
matt-mccall-1,Matt McCall,2016-2018,1
ray-mccallum-1,Ray McCallum,1994-2016,0
billy-mccann-1,Billy McCann,1953-1963,0
eddie-mccarter-1,Eddie McCarter,1993-2006,0
babe-mccarthy-1,Babe McCarthy,1956-1967,0
mack-mccarthy-1,Mack McCarthy,1986-2010,0
neil-mccarthy-1,Neil McCarthy,1975-1997,0
george-mccarty-1,George McCarty,1951-1959,0
grant-mccasland-1,Grant McCasland,2017-2018,1
steve-mcclain-1,Steve McClain,1999-2018,1
cy-mcclairen-1,Cy McClairen,1981-1993,0
albert-mcclellan-1,Albert McClellan,1929-1953,0
jack-mcclelland-1,Jack McClelland,1949-1956,0
jack-mccloskey-1,Jack McCloskey,1957-1972,0
mike-mcconathy-1,Mike McConathy,2000-2018,1
tom-mcconnell-1,Tom McConnell,1993-1999,0
branch-mccracken-1,Branch McCracken,1939-1965,0
aaron-mccreary-1,Aaron McCreary,1924-1940,0
jay-mccreary-1,Jay McCreary,1958-1965,0
robert-mccullum-1,Robert McCullum,2001-2018,1
greg-mcdermott-1,Greg McDermott,2002-2018,1
hugh-mcdermott-1,Hugh McDermott,1922-1938,0
james-mcdermott-1,James McDermott,1954-1973,0
nick-mcdevitt-1,Nick McDevitt,2014-2018,1
jim-mcdonald-1,Jim McDonald,1983-1992,0
ken-mcdonald-1,Ken McDonald,2009-2012,0
john-mcdougal-1,John McDougal,1977-1986,0
banks-mcfadden-1,Banks McFadden,1947-1956,0
kevin-mcgeehan-1,Kevin McGeehan,2014-2018,1
charles-mcglone-1,Charles McGlone,1947-1949,0
cb-mcgrath-1,C.B. McGrath,2018,1
eugene-mcguigan-1,Eugene McGuigan,1915-1923,0
al-mcguire-1,Al McGuire,1965-1977,0
frank-mcguire-1,Frank McGuire,1948-1980,0
dan-mchale-1,Dan McHale,2016-2018,1
ritchie-mckay-1,Ritchie McKay,1999-2018,1
bob-mckillop-1,Bob McKillop,1990-2018,1
bones-mckinney-1,Bones McKinney,1958-1965,0
jack-mckinney-1,Jack McKinney,1967-1974,0
arthur-mclarney-1,Arthur McLarney,1948-1955,0
david-mclaughlin-1,David McLaughlin,2017-2018,1
frank-mclaughlin-1,Frank McLaughlin,1978-1985,0
dizzy-mcleod-1,Dizzy McLeod,1929-1933,0
matt-mcmahon-1,Matt McMahon,2016-2018,1
red-mcmanus-1,Red McManus,1960-1969,0
dave-mcmillan-1,Dave McMillan,1928-1948,0
edward-mcnichol-1,Edward McNichol,1921-1930,0
robert-mcpherson-1,Robert McPherson,1987-1990,0
walter-mcpherson-1,Walter McPherson,1953-1960,0
george-mcquarn-1,George McQuarn,1981-1988,0
hub-mcquillan-1,Hub McQuillan,1936-1948,0
telfor-mead-1,Telfor Mead,1923-1935,0
doc-meanwell-1,Doc Meanwell,1912-1934,0
ray-mears-1,Ray Mears,1963-1977,0
niko-medved-1,Niko Medved,2014-2018,1
daniel-meehan-1,Daniel Meehan,1926-1933,0
edward-melvin-1,Edward Melvin,1948-1965,0
bill-menefee-1,Bill Menefee,1962-1973,0
louis-menze-1,Louis Menze,1929-1947,0
marvin-menzies-1,Marvin Menzies,2008-2018,1
steve-merfeld-1,Steve Merfeld,1998-2007,0
fred-mesmer-1,Fred Mesmer,1932-1938,0
shelby-metcalf-1,Shelby Metcalf,1964-1990,0
jeff-meyer-1,Jeff Meyer,1989-1997,0
joe-meyer-1,Joe Meyer,1921-1933,0
joey-meyer-1,Joey Meyer,1985-1997,0
ray-meyer-1,Ray Meyer,1943-1984,0
joe-mihalich-1,Joe Mihalich,1999-2018,1
tim-miles-1,Tim Miles,2008-2018,1
archie-miller-1,Archie Miller,2012-2018,1
bob-miller-2,Bob Miller,1971-1975,0
danny-miller-1,Danny Miller,1953-1971,0
eldon-miller-1,Eldon Miller,1971-1998,0
glen-miller-1,Glen Miller,2000-2010,0
gus-miller-1,Gus Miller,1943-1957,0
harry-miller-2,Harry Miller,1971-1988,0
harry-miller-1,Harry Miller,1995-1999,0
mike-miller-3,Mike Miller,1995-2012,0
ralph-miller-1,Ralph Miller,1952-1989,0
sean-miller-1,Sean Miller,2005-2018,1
tom-miller-1,Tom Miller,1981-1993,0
weenie-miller-1,Weenie Miller,1958-1964,0
wes-miller-1,Wes Miller,2012-2018,1
floyd-millet-1,Floyd Millet,1942-1949,0
bud-millikan-1,Bud Millikan,1951-1967,0
douglas-mills-1,Douglas Mills,1937-1947,0
lewis-mills-1,Lewis Mills,1964-1974,0
paul-mills-1,Paul Mills,2018,1
reggie-minton-1,Reggie Minton,1984-2000,0
fang-mitchell-1,Fang Mitchell,1987-2014,0
warren-mitchell-1,Warren Mitchell,1967-1972,0
donovan-moffett-1,Donovan Moffett,1928-1932,0
charles-moir-1,Charles Moir,1974-1987,0
jim-molinari-1,Jim Molinari,1990-2014,0
randy-monroe-1,Randy Monroe,2005-2012,0
dan-monson-1,Dan Monson,1998-2018,1
don-monson-1,Don Monson,1979-1992,0
mark-montgomery-1,Mark Montgomery,2012-2018,1
mike-montgomery-1,Mike Montgomery,1979-2014,0
chris-mooney-1,Chris Mooney,2005-2018,1
paul-mooney-1,Paul Mooney,1934-1946,0
dudey-moore-1,Dudey Moore,1949-1963,0
tom-moore-1,Tom Moore,2008-2017,0
sonny-moran-1,Sonny Moran,1970-1974,0
robert-moreland-1,Robert Moreland,1978-2008,0
wayne-morgan-1,Wayne Morgan,1997-2006,0
stew-morrill-1,Stew Morrill,1987-2015,0
hart-morris-1,Hart Morris,1949-1952,0
robert-morris-1,Robert Morris,1948-1954,0
speedy-morris-1,Speedy Morris,1987-2001,0
dwayne-morrison-1,Dwayne Morrison,1964-1981,0
stan-morrison-1,Stan Morrison,1973-1998,0
porter-moser-1,Porter Moser,2001-2018,1
levelle-moton-1,LeVelle Moton,2011-2018,1
dick-motta-1,Dick Motta,1964-1968,0
joseph-mullaney-1,Joseph Mullaney,1958-1985,0
dan-muller-1,Dan Muller,2013-2018,1
bill-mulligan-1,Bill Mulligan,1981-1991,0
chris-mullin-1,Chris Mullin,2016-2018,1
jeff-mullins-1,Jeff Mullins,1986-1996,0
frank-mulzoff-1,Frank Mulzoff,1971-1973,0
roy-mundorff-1,Roy Mundorff,1927-1943,0
ed-murphy-1,Ed Murphy,1987-1992,0
jack-murphy-1,Jack Murphy,2013-2018,1
rob-murphy-2,Rob Murphy,2012-2018,1
frank-murray-1,Frank Murray,1921-1929,0
arthur-musicat-1,Arthur Musicat,1937-1946,0
bill-musselman-1,Bill Musselman,1972-1997,0
eric-musselman-1,Eric Musselman,2016-2018,1
malcolm-musser-1,Malcolm Musser,1918-1942,0
cf-myers-1,C.F. Myers,1919-1925,0
gerald-myers-1,Gerald Myers,1971-1991,0
jack-nagle-1,Jack Nagle,1954-1958,0
scott-nagy-1,Scott Nagy,2009-2018,1
doc-naismith-1,Doc Naismith,1899-1907,0
lynn-nance-1,Lynn Nance,1977-1993,0
craig-neal-1,Craig Neal,2014-2017,0
danny-nee-1,Danny Nee,1981-2006,0
james-needles-1,James Needles,1924-1944,0
albert-e-negratti-1,Albert E. Negratti,1956-1967,0
randy-nesbit-1,Randy Nesbit,1986-1992,0
george-nessman-1,George Nessman,2006-2013,0
ernie-nestor-1,Ernie Nestor,1989-2009,0
jeff-neubauer-1,Jeff Neubauer,2006-2018,1
mike-newell-1,Mike Newell,1985-1993,0
pete-newell-1,Pete Newell,1947-1960,0
cm-newton-1,C.M. Newton,1969-1989,0
steve-newton-1,Steve Newton,1986-1993,0
gregg-nibert-1,Gregg Nibert,2011-2017,0
bob-nichols-1,Bob Nichols,1966-1987,0
kevin-nickelberry-1,Kevin Nickelberry,2007-2018,1
joseph-niland-1,Joseph Niland,1949-1953,0
mark-nixon-1,Mark Nixon,1989-1992,0
chuck-noe-1,Chuck Noe,1953-1976,0
ron-nord-1,Ron Nord,1963-1968,0
nelson-norgren-1,Nelson Norgren,1922-1946,0
rock-norman-1,Rock Norman,1928-1946,0
kenneth-norton-1,Kenneth Norton,1947-1968,0
leo-novak-1,Leo Novak,1927-1939,0
dennis-nutt-1,Dennis Nutt,2001-2006,0
dickey-nutt-1,Dickey Nutt,1996-2015,0
mike-nyikos-1,Mike Nyikos,1929-1936,0
jim-obrien-2,Jim O'Brien,1990-1994,0
jim-obrien-1,Jim O'Brien,1983-2004,0
joe-obrien-1,Joe O'Brien,2007-2012,0
bill-oconnor-1,Bill O'Connor,1973-1978,0
bucky-oconnor-1,Bucky O'Connor,1950-1958,0
fran-ohanlon-1,Fran O'Hanlon,1996-2018,1
tom-okeefe-1,Tom O'Keefe,1961-1966,0
kevin-oneill-1,Kevin O'Neill,1990-2013,0
tom-oneill-1,Tom O'Neill,1983-1988,0
john-oreilly-1,John O'Reilly,1915-1927,0
joseph-oshea-1,Joseph O'Shea,1912-1921,0
tim-oshea-1,Tim O'Shea,2002-2018,1
tim-otoole-1,Tim O'Toole,1999-2006,0
bill-oates-1,Bill Oates,1980-1986,0
nate-oats-1,Nate Oats,2016-2018,1
dave-odom-1,Dave Odom,1980-2008,0
ryan-odom-1,Ryan Odom,2015-2018,1
frank-oftring-1,Frank Oftring,1962-1965,0
john-oldham-1,John Oldham,1956-1971,0
john-olive-1,John Olive,1993-1997,0
doug-oliver-1,Doug Oliver,1999-2006,0
james-oliver-1,James Oliver,1983-1995,0
kevin-ollie-1,Kevin Ollie,2013-2018,1
harold-olsen-1,Harold Olsen,1919-1952,0
lute-olson-1,Lute Olson,1974-2007,0
bennie-oosterbaan-1,Bennie Oosterbaan,1939-1946,0
johnny-orr-1,Johnny Orr,1964-1994,0
louis-orr-1,Louis Orr,2001-2014,0
chuck-orsborn-1,Chuck Orsborn,1957-1965,0
bob-ortegel-1,Bob Ortegel,1975-1981,0
howard-ortner-1,Howard Ortner,1920-1936,0
tj-otzelberger-1,T.J. Otzelberger,2017-2018,1
bennie-owen-1,Bennie Owen,1909-1921,0
jack-owens-1,Jack Owens,2018,1
ted-owens-1,Ted Owens,1965-1987,0
anthony-packer-1,Anthony Packer,1951-1966,0
david-padgett-1,David Padgett,2018,1
jim-padgett-1,Jim Padgett,1969-1976,0
scott-padgett-1,Scott Padgett,2015-2018,1
pat-page-1,Pat Page,1912-1926,0
matt-painter-1,Matt Painter,2004-2018,1
leonard-palmer-1,Leonard Palmer,1907-1916,0
dick-parfitt-1,Dick Parfitt,1974-1985,0
lamont-paris-1,Lamont Paris,2018,1
bruce-parkhill-1,Bruce Parkhill,1978-1995,0
doyle-parrack-1,Doyle Parrack,1951-1962,0
tom-parrotta-1,Tom Parrotta,2007-2012,0
bobby-paschal-1,Bobby Paschal,1979-1996,0
alden-pasche-1,Alden Pasche,1951-1956,0
joe-pasternack-1,Joe Pasternack,2008-2018,1
josh-pastner-1,Josh Pastner,2010-2018,1
jimmy-patsos-1,Jimmy Patsos,2005-2018,1
lee-patton-1,Lee Patton,1946-1950,0
ricardo-patton-1,Ricardo Patton,1996-2011,0
david-paulsen-1,Dave Paulsen,2009-2018,1
andre-payne-1,Andre Payne,2015-2018,1
eddie-payne-1,Eddie Payne,1992-2017,0
steve-payne-1,Steve Payne,2012-2018,1
vern-payne-1,Vern Payne,1983-1989,0
howell-peacock-1,Howell Peacock,1913-1919,0
bruce-pearl-1,Bruce Pearl,2002-2018,1
tom-pecora-1,Tom Pecora,2002-2015,0
ralph-pedersen-1,Ralph Pedersen,1965-1971,0
randy-peele-1,Randy Peele,1996-2012,0
barret-peery-1,Barret Peery,2018,1
jerry-peirson-1,Jerry Peirson,1985-1990,0
peter-peletta-1,Peter Peletta,1961-1966,0
john-pelphrey-1,John Pelphrey,2003-2011,0
thomas-penders-1,Thomas Penders,1975-2010,0
russ-pennell-1,Russ Pennell,2009-2018,1
marshall-pennington-1,Marshall Pennington,1937-1943,0
scott-pera-1,Scott Pera,2018,1
bill-perigo-1,Bill Perigo,1950-1960,0
dom-perno-1,Dom Perno,1978-1986,0
jack-perri-1,Jack Perri,2013-2017,0
kyle-perry-1,Kyle Perry,2018,1
michael-perry-1,Michael Perry,2003-2018,1
ray-pesco-1,Ray Pesco,1946-1950,0
dan-peters-1,Dan Peters,1967-1999,0
buzz-peterson-1,Buzz Peterson,1997-2014,0
vadal-peterson-1,Vadal Peterson,1928-1953,0
vann-pettaway-1,Vann Pettaway,2000-2011,0
jack-phelan-2,Jack Phelan,1985-1992,0
jim-phelan-1,Jim Phelan,1989-2003,0
digger-phelps-1,Digger Phelps,1971-1991,0
mark-phelps-1,Edward Phelps,2009-2013,0
john-phillips-1,John Phillips,2002-2005,0
saul-phillips-1,Saul Phillips,2009-2018,1
steve-pikiell-1,Steve Pikiell,2006-2018,1
dave-pilopovich-1,Dave Pilipovich,2012-2018,1
jerry-pimm-1,Jerry Pimm,1975-1998,0
jp-piper-1,J.P. Piper,2005-2016,0
richard-pitino-1,Richard Pitino,2013-2018,1
rick-pitino-1,Rick Pitino,1976-2017,0
malcolm-pitt-1,Malcolm Pitt,1934-1952,0
john-plant-1,John Plant,1927-1932,0
jim-platt-1,Jim Platt,1991-2005,0
elwood-plummer-1,Elwood Plummer,1991-2002,0
robert-polk-1,Robert Polk,1948-1977,0
jw-pollard-1,J.W. Pollard,1902-1912,0
mike-pollio-1,Mike Pollio,1986-1992,0
mark-pope-1,Mark Pope,2016-2018,1
terry-porter-1,Terry Porter,2017-2018,1
arthur-powell-1,Arthur Powell,1910-1946,0
fred-powers-1,Fred Powers,1899-1909,0
john-powers-1,John Powers,1969-1978,0
john-powless-1,John Powless,1969-1976,0
mike-pratt-1,Mike Pratt,1979-1982,0
bob-prewitt-1,Bob Prewitt,1968-1975,0
jeff-price-1,Jeff Price,2000-2013,0
mark-price-1,Mark Price,2016-2018,1
nibs-price-1,Nibs Price,1925-1954,0
tic-price-1,Tic Price,1995-2018,1
jean-prioleau-1,Jean Prioleau,2018,1
steve-prohm-1,Steve Prohm,2012-2018,1
skip-prosser-1,Skip Prosser,1994-2007,0
oliver-purnell-1,Oliver Purnell,1989-2015,0
tom-quinn-1,Tom Quinn,1967-1974,0
harry-rabenhorst-1,Harry Rabenhorst,1926-1957,0
barclay-radebaugh-1,Barclay Radebaugh,2006-2018,1
dyke-raese-1,Dyke Raese,1939-1942,0
bill-raftery-1,Bill Raftery,1971-1981,0
william-raftery-1,William Raftery,1914-1935,0
randy-rahe-1,Randy Rahe,2007-2018,1
ron-rainey-1,Ron Rainey,1977-1985,0
jack-ramsay-1,Jack Ramsay,1956-1966,0
charles-ramsey-1,Charles Ramsey,2006-2011,0
george-raveling-1,George Raveling,1973-1994,0
rick-ray-1,Rick Ray,2013-2018,1
joseph-raycroft-1,Joseph Raycroft,1907-1910,0
hank-raymonds-1,Hank Raymonds,1978-1983,0
william-raynor-1,William Raynor,1995-1999,0
herbert-w-buck-read-1,Herbert W. Buck Read,1922-1949,0
duane-reboul-1,Duane Reboul,2004-2006,0
brett-reed-1,Brett Reed,2008-2018,1
cj-reed-1,Clifford Reed,2002-2011,0
john-reed-1,John Reed,1926-1931,0
willie-reed-1,Willie Reed,1982-1985,0
richard-regan-1,Richard Regan,1961-1970,0
bill-reid-1,Bill Reid,1920-1928,0
john-reid-1,John Reid,1930-1935,0
roger-reid-1,Roger Reid,1990-2012,0
carroll-reilly-1,Carroll Reilly,1929-1943,0
mark-reiner-1,Mark Reiner,1983-1990,0
bob-reinhart-1,Bob Reinhart,1986-1994,0
william-reinhart-2,William Reinhart,1924-1966,0
lefty-reitz-1,Lefty Reitz,1938-1947,0
eric-reveno-1,Eric Reveno,2007-2016,0
jeff-reynolds-1,Jeff Reynolds,2008-2012,0
larry-reynolds-1,Larry Reynolds,1996-2007,0
warren-reynolds-1,Warren Reynolds,1974-1977,0
mike-rhoades-1,Mike Rhoades,2015-2018,1
dave-rice-1,Dave Rice,2012-2016,0
fred-rice-1,Fred Rice,1913-1922,0
king-rice-1,King Rice,2012-2018,1
leon-rice-1,Leon Rice,2011-2018,1
mike-rice-2,Mike Rice,2008-2013,0
mike-rice-1,Mike Rice,1979-1987,0
keith-richard-1,Keith Richard,1999-2018,1
jim-richards-1,Jim Richards,1972-1978,0
kareem-richardson-1,Kareem Richardson,2014-2018,1
nolan-richardson-1,Nolan Richardson,1981-2002,0
tom-richardson-1,Tom Richardson,2000-2003,0
bob-richey-1,Bob Richey,2018,1
david-richman-1,David Richman,2015-2018,1
ryan-ridder-1,Ryan Ridder,2018,1
gordon-ridings-1,Gordon Ridings,1947-1950,0
buzz-ridl-1,Buzz Ridl,1969-1975,0
hayden-riley-1,Hayden Riley,1961-1968,0
richie-riley-1,Richie Riley,2017-2018,1
byron-rimm-1,Byron Rimm,2007-2016,0
elmer-ripley-1,Elmer Ripley,1928-1953,0
clement-risacher-1,Clement Risacher,1912-1914,0
otto-rittler-1,Otto Rittler,1910-1918,0
jule-rivlin-1,Jule Rivlin,1956-1963,0
gene-roberti-1,Gene Roberti,1974-1984,0
bobby-roberts-1,Bobby Roberts,1963-1970,0
danny-roberts-1,Danny Roberts,1978-1983,0
el-roberts-1,E.L. Roberts,1912-1928,0
neil-roberts-2,Neil Roberts,1989-1992,0
norman-roberts-1,Norman Roberts,2005-2010,0
alfred-robertson-1,Alfred Robertson,1921-1948,0
john-robic-1,John Robic,2000-2005,0
craig-robinson-1,Craig Robinson,2007-2014,0
les-robinson-1,Les Robinson,1975-1996,0
montez-robinson-1,Montez Robinson,2016-2018,1
steve-robinson-2,Steve Robinson,1996-2002,0
will-robinson-2,Will Robinson,1972-1975,0
polk-robison-1,Polk Robison,1943-1961,0
peter-roby-1,Peter Roby,1986-1991,0
steve-roccaforte-1,Steve Roccaforte,2007-2011,0
red-rocha-1,Red Rocha,1971-1973,0
shakey-rodriguez-1,Shakey Rodriguez,1996-2000,0
bobby-rogers-1,Bobby Rogers,1958-1963,0
jack-rohan-1,Jack Rohan,1962-1995,0
bill-rohr-1,Bill Rohr,1952-1963,0
barry-rohrssen-1,Barry Rohrssen,2007-2011,0
lorenzo-romar-1,Lorenzo Romar,1997-2017,0
dick-romney-1,Dick Romney,1920-1941,0
ott-romney-1,Ott Romney,1923-1935,0
dave-rose-1,Dave Rose,2006-2018,1
glen-rose-1,Glen Rose,1934-1966,0
john-rose-1,John Rose,1971-1976,0
lee-rose-1,Lee Rose,1976-1986,0
ken-rosemond-1,Ken Rosemond,1966-1973,0
monte-ross-1,Monte Ross,2007-2016,0
lou-rossini-1,Lou Rossini,1951-1979,0
sergio-rouco-1,Sergio Rouco,2005-2009,0
dee-rowe-1,Dee Rowe,1970-1977,0
louis-rowe-1,Louis Rowe,2017-2018,1
don-ruberg-1,Don Ruberg,1964-1967,0
roy-rubin-1,Roy Rubin,1969-1972,0
craig-ruby-1,Craig Ruby,1921-1936,0
jeff-ruland-1,Jeff Ruland,1999-2007,0
adolph-rupp-1,Adolph Rupp,1931-1972,0
kerry-rupp-1,Kerry Rupp,2004-2011,0
honey-russell-1,Honey Russell,1937-1960,0
andy-russo-1,Andy Russo,1980-1989,0
rb-rutherford-1,R.B. Rutherford,1918-1922,0
bo-ryan-1,Bo Ryan,2000-2016,0
leonard-sachs-1,Leonard Sachs,1924-1942,0
doc-sadler-1,Doc Sadler,2005-2018,1
peter-salzberg-1,Peter Salzberg,1973-1981,0
kelvin-sampson-1,Kelvin Sampson,1988-2018,1
byron-samuels-1,Byron Samuels,1996-2017,0
rick-samuels-1,Rick Samuels,1980-2005,0
scott-sanderson-1,Scott Sanderson,2004-2013,0
wimp-sanderson-1,Wimp Sanderson,1981-1999,0
jim-satalin-1,Jim Satalin,1974-1989,0
michael-saxe-1,Michael Saxe,1921-1926,0
arthur-schabinger-1,Arthur Schabinger,1923-1935,0
jack-schalow-1,Jack Schalow,1975-1980,0
fred-schaus-1,Fred Schaus,1955-1978,0
sharm-scheuerman-1,Sharm Scheuerman,1959-1964,0
ed-schilling-1,Ed Schilling,1998-2003,0
charlie-schmaus-1,Charlie Schmaus,1977-1982,0
francis-schmidt-1,Francis Schmidt,1916-1934,0
harv-schmidt-1,Harv Schmidt,1968-1974,0
mark-schmidt-1,Mark Schmidt,2002-2018,1
jeff-schneider-1,Jeff Schneider,1996-2001,0
tom-schneider-1,Tom Schneider,1984-1992,0
heath-schroyer-1,Heath Schroyer,2003-2016,0
william-schuerholz-1,William Schuerholz,1913-1926,0
ar-scott-1,A.R. Scott,1904-1911,0
bill-scott-1,Bill Scott,1952-1962,0
joe-scott-2,Joe Scott,2001-2016,0
morris-scott-1,Morris Scott,2018,1
tom-scott-1,Tom Scott,1947-1960,0
rick-scruggs-1,Rick Scruggs,2003-2010,0
allie-seelbach-1,Allie Seelbach,1934-1944,0
fred-sefton-1,Fred Sefton,1916-1923,0
bill-self-1,Bill Self,1994-2018,1
chester-sellitto-1,Chester Sellitto,1966-1969,0
herb-sendek-1,Herb Sendek,1994-2018,1
rob-senderoff-1,Rob Senderoff,2012-2018,1
ray-sermon-1,Ray Sermon,1931-1940,0
alex-severence-1,Alex Severence,1937-1961,0
joe-sexson-1,Joe Sexson,1978-1989,0
fred-shabel-1,Fred Shabel,1964-1967,0
howie-shannon-1,Howie Shannon,1965-1971,0
albert-sharpe-1,Albert Sharpe,1913-1921,0
tony-shaver-1,Tony Shaver,2004-2018,1
tony-sheals-1,Tony Sheals,1994-2000,0
buster-sheary-1,Buster Sheary,1949-1955,0
everett-shelton-1,Everett Shelton,1940-1959,0
bo-shepard-1,Bo Shepard,1924-1954,0
george-shepard-1,George Shepard,1932-1935,0
steve-shields-1,Steve Shields,2004-2015,0
burton-shipley-1,Burton Shipley,1919-1947,0
richard-shrider-1,Richard Shrider,1958-1966,0
john-shulman-1,John Shulman,2005-2013,0
john-shumate-1,John Shumate,1989-1995,0
ron-shumate-1,Ron Shumate,1978-1997,0
larry-shyatt-1,Larry Shyatt,1998-2016,0
don-sicko-1,Don Sicko,1983-1988,0
kenny-sidwell-1,Kenny Sidwell,1965-1969,0
orvis-sigler-1,Orvis Sigler,1955-1968,0
dave-simmons-1,Dave Simmons,2007-2018,1
marty-simmons-1,Marty Simmons,2008-2018,1
todd-simon-1,Todd Simon,2016-2018,1
claude-simons-1,Claude Simons,1921-1942,0
stan-simpson-2,Stan Simpson,1980-1984,0
pat-skerry-1,Pat Skerry,2012-2018,1
walter-skidmore-1,Walter Skidmore,1936-1939,0
al-skinner-1,Al Skinner,1989-2018,1
roy-skinner-1,Roy Skinner,1959-1976,0
mark-slessinger-1,Mark Slessinger,2013-2018,1
norm-sloan-1,Norm Sloan,1957-1989,0
jerry-slocum-1,Jerry Slocum,2006-2017,0
mark-slonaker-1,Mark Slonaker,1985-2008,0
carl-slone-1,Carl Slone,1971-1978,0
dave-smalley-1,Dave Smalley,1967-1976,0
shaka-smart-1,Shaka Smart,2010-2018,1
byron-smith-2,Byron Smith,2016-2018,1
capn-smith-1,Cap'n Smith,1926-1930,0
craig-smith-2,Craig Smith,2015-2018,1
dean-smith-1,Dean Smith,1962-1997,0
don-smith-3,Don Smith,1980-1985,0
don-smith-1,Don Smith,1965-1972,0
gg-smith-1,G.G. Smith,2014-2018,1
george-smith-1,George Smith,1953-1960,0
jay-smith-2,Jay Smith,1998-2006,0
kohn-smith-1,Kohn Smith,1989-1993,0
kyle-smith-2,Kyle Smith,2011-2018,1
lamont-smith-1,Lamont Smith,2016-2018,1
robert-smith-6,Robert Smith,1936-1942,0
russell-smith-1,Russell Smith,1906-1909,0
sonny-smith-1,Sonny Smith,1977-1998,0
tom-smith-1,Tom Smith,1981-1988,0
tubby-smith-1,Tubby Smith,1992-2018,1
gene-smithson-1,Gene Smithson,1976-1986,0
randy-smithson-1,Randy Smithson,1997-2000,0
john-sneed-1,John Sneed,1989-1992,0
fred-snowden-1,Fred Snowden,1973-1982,0
james-snyder-1,James Snyder,1950-1974,0
quin-snyder-1,Quin Snyder,2000-2006,0
joel-sobotka-1,Joel Sobotka,1999-2002,0
brad-soderberg-1,Brad Soderberg,2001-2007,0
william-spaulding-1,William Spaulding,1914-1921,0
bob-spear-1,Bob Spear,1958-1971,0
kirk-speraw-1,Kirk Speraw,1994-2010,0
dan-spika-1,Dan Spika,1966-1970,0
zach-spiker-1,Zach Spiker,2010-2018,1
rob-spivery-1,Rob Spivery,1997-2011,0
charles-spoonhour-1,Charles Spoonhour,1984-2004,0
jay-spoonhour-1,Jay Spoonhour,2004-2018,1
preston-spradlin-1,Preston Spradlin,2017-2018,1
pinky-spruhan-1,Pinky Spruhan,1914-1922,0
james-st-clair-1,James St. Clair,1922-1938,0
wilbur-st-john-1,Wilbur St. John,1903-1919,0
bob-staak-1,Bob Staak,1980-1989,0
francis-stadsvold-1,Francis Stadsvold,1920-1933,0
floyd-stahl-1,Floyd Stahl,1944-1958,0
sparky-stalcup-1,Sparky Stalcup,1947-1962,0
kevin-stallings-1,Kevin Stallings,1994-2018,1
raymond-stanley-1,Raymond Stanley,1950-1956,0
rick-stansbury-1,Rick Stansbury,1999-2018,1
dolly-stark-1,Dolly Stark,1929-1936,0
donald-starn-1,Donald Starn,1934-1943,0
stu-starner-1,Stu Starner,1984-1995,0
gordon-stauffer-1,Gordon Stauffer,1972-1990,0
larry-steele-1,Larry Steele,1988-1994,0
herman-stegeman-1,Herman Stegeman,1920-1931,0
steve-steinwedel-1,Steve Steinwedel,1986-1995,0
dwight-steussey-1,Dwight Steussey,1940-1943,0
bob-stevens-1,Bob Stevens,1960-1967,0
brad-stevens-1,Brad Stevens,2008-2013,0
len-stevens-1,Len Stevens,1984-1993,0
anthony-stewart-1,Anthony Stewart,2017-2018,1
bruce-stewart-1,Bruce Stewart,1985-1991,0
carl-stewart-1,Carl Stewart,1978-1982,0
doc-stewart-1,Doc Stewart,1908-1928,0
james-stewart-3,James Stewart,1908-1912,0
john-stewart-1,John Stewart,1923-1932,0
norm-stewart-1,Norm Stewart,1968-1999,0
joey-stiebing-1,Joey Stiebing,1998-2001,0
jumbo-stiehm-1,Jumbo Stiehm,1912-1920,0
andy-stoglin-1,Andy Stoglin,1983-2003,0
ricky-stokes-1,Ricky Stokes,2000-2007,0
damon-stoudamire-1,Damon Stoudamire,2017-2018,1
joe-stowell-1,Joe Stowell,1966-1978,0
dave-strack-1,Dave Strack,1960-1968,0
bill-strannigan-1,Bill Strannigan,1951-1973,0
lafayette-stribling-1,Lafayette Stribling,1984-2005,0
pete-strickland-1,Pete Strickland,1999-2005,0
guy-strong-1,Guy Strong,1968-1977,0
doc-stroud-1,Doc Stroud,1914-1920,0
kenneth-suesens-1,Kenneth Suesens,1952-1958,0
tommy-suitts-1,Tommy Suitts,1982-1990,0
frank-sullivan-1,Frank Sullivan,1992-2007,0
gene-sullivan-1,Gene Sullivan,1981-1989,0
rl-sullivan-1,R.L. Sullivan,1920-1925,0
tom-sullivan-1,Tom Sullivan,1986-2004,0
don-suman-1,Don Suman,1950-1959,0
clay-sutherland-1,Clay Sutherland,1948-1954,0
eddie-sutton-1,Eddie Sutton,1970-2008,0
mike-sutton-1,Mike Sutton,2003-2011,0
scott-sutton-1,Scott Sutton,2000-2017,0
johnny-swaim-1,Johnny Swaim,1968-1977,0
joe-swank-1,Joe Swank,1961-1971,0
van-sweet-1,Van Sweet,1944-1963,0
chuck-swenson-1,Chuck Swenson,1988-1994,0
wayne-szoke-1,Wayne Szoke,1985-1998,0
carl-tacy-1,Carl Tacy,1972-1985,0
bob-tallent-1,Bob Tallent,1975-1981,0
leonard-tanseer-1,Leonard Tanseer,1934-1941,0
ed-tapscott-1,Ed Tapscott,1983-1990,0
jerry-tarkanian-1,Jerry Tarkanian,1970-2002,0
dick-tarrant-1,Dick Tarrant,1982-1993,0
wilder-tasker-1,Wilder Tasker,1922-1928,0
benjy-taylor-1,Benjy Taylor,2008-2015,0
billy-taylor-1,Billy Taylor,2003-2013,0
blaine-taylor-1,Blaine Taylor,1992-2013,0
dedrique-taylor-1,Dedrique Taylor,2014-2018,1
fred-taylor-1,Fred Taylor,1959-1976,0
jim-taylor-1,Jim Taylor,1972-1975,0
gus-tebell-1,Gus Tebell,1925-1951,0
rodney-terry-1,Rodney Terry,2012-2018,1
george-theofanis-1,George Theofanis,1971-1977,0
reggie-theus-1,Reggie Theus,2006-2018,1
roy-thomas-2,Roy Thomas,1995-1999,0
bob-thomason-1,Bob Thomason,1989-2013,0
brooks-thompson-1,Brooks Thompson,2007-2016,0
gary-thompson-1,Gary Thompson,1965-1971,0
john-thompson-1,John Thompson,1973-1999,0
john-thompson-2,John Thompson,2001-2017,0
mel-thompson-1,Mel Thompson,1961-1967,0
scott-thompson-2,Scott Thompson,1988-2000,0
bob-thorn-1,Bob Thorn,1921-1925,0
john-thurber-1,John Thurber,1913-1921,0
jimmy-tillette-1,Jimmy Tillette,1998-2012,0
robert-timmons-1,Robert Timmons,1954-1968,0
wayne-tinkle-1,Wayne Tinkle,2007-2018,1
andrew-toole-1,Andrew Toole,2011-2018,1
monte-towe-1,Monte Towe,2002-2006,0
william-trautwein-1,William Trautwein,1939-1949,0
fred-trenkle-1,Fred Trenkle,1995-1999,0
ken-trickey-1,Ken Trickey,1966-1989,0
terry-truax-1,Terry Truax,1984-1997,0
frank-truitt-1,Frank Truitt,1966-1974,0
billy-tubbs-1,Billy Tubbs,1977-2006,0
rod-tueller-1,Rod Tueller,1980-1988,0
mark-turgeon-1,Mark Turgeon,1999-2018,1
mk-turk-1,M.K. Turk,1977-1996,0
russ-turner-1,Russ Turner,2011-2018,1
alvin-twitchell-1,Alvin Twitchell,1921-1930,0
forrest-twogood-1,Forrest Twogood,1937-1966,0
donnie-tyndall-1,Donnie Tyndall,2007-2015,0
ralph-underhill-1,Ralph Underhill,1988-1996,0
brad-underwood-1,Brad Underwood,2014-2018,1
luke-urban-1,Luke Urban,1922-1932,0
james-usilton-1,James Usilton,1927-1939,0
steve-vacendak-1,Steve Vacendak,1987-1992,0
paul-valenti-1,Paul Valenti,1960-1970,0
jim-valvano-1,Jim Valvano,1973-1990,0
butch-van-breda-kolff-1,Butch van Breda Kolff,1952-1994,0
jan-van-breda-kolff-1,Jan Van Breda Kolff,1992-2003,0
benjamin-vanalstyne-1,Benjamin VanAlstyne,1927-1949,0
bob-vanatta-1,Bob Vanatta,1954-1967,0
joseph-vancisin-1,Joseph Vancisin,1957-1975,0
tommy-vardeman-1,Tommy Vardeman,1990-1997,0
pete-vaughan-1,Pete Vaughan,1920-1925,0
don-verlin-1,Don Verlin,2009-2018,1
dick-versace-1,Dick Versace,1979-1986,0
tim-vezie-1,Tim Vezie,1975-1979,0
mike-vining-1,Mike Vining,1982-2005,0
gene-visscher-1,Gene Visscher,1972-1983,0
dick-vitale-1,Dick Vitale,1974-1977,0
earl-voss-1,Earl Voss,1974-1982,0
phil-vukicevich-1,Phil Vukicevich,1967-1971,0
edward-wachter-1,Edward Wachter,1921-1933,0
leonard-wachter-1,Leonard Wachter,1925-1928,0
will-wade-1,Will Wade,2014-2018,1
griz-wagner-1,Griz Wagner,1923-1925,0
jerry-wainwright-1,Jerry Wainwright,1995-2010,0
al-walker-1,Al Walker,1994-2007,0
andy-walker-1,Andy Walker,1986-1989,0
fred-walker-1,Fred Walker,1918-1931,0
keith-walker-1,Keith Walker,2014-2018,1
kevin-wall-1,Kevin Wall,1987-1992,0
riley-wallace-1,Riley Wallace,1977-2007,0
dennis-walling-1,Dennis Walling,1968-1973,0
sox-walseth-1,Sox Walseth,1957-1976,0
bob-walsh-1,Bob Walsh,2015-2018,1
dick-walters-1,Dick Walters,1979-1985,0
gary-walters-1,Gary Walters,1976-1981,0
rex-walters-1,Rex Walters,2007-2016,0
royce-waltman-1,Royce Waltman,1998-2007,0
happy-wann-1,Happy Wann,1916-1921,0
stanley-ward-1,Stanley Ward,1955-1969,0
brian-wardle-1,Brian Wardle,2011-2018,1
cliff-warren-1,Cliff Warren,2006-2014,0
john-warren-1,John Warren,1945-1951,0
tom-wasdin-1,Tom Wasdin,1971-1973,0
rudy-washington-1,Rudy Washington,1991-1996,0
bucky-waters-1,Bucky Waters,1966-1973,0
gary-waters-1,Gary Waters,1997-2017,0
melvin-watkins-1,Melvin Watkins,1997-2006,0
lou-watson-1,Lou Watson,1966-1971,0
perry-watson-1,Perry Watson,1994-2008,0
ray-watts-1,Ray Watts,1948-1953,0
stan-watts-1,Stan Watts,1950-1972,0
derek-waugh-1,Derek Waugh,2001-2011,0
james-weaver-1,James Weaver,1956-1962,0
sam-weaver-1,Sam Weaver,1994-2001,0
paul-webb-1,Paul Webb,1977-1985,0
bruce-weber-1,Bruce Weber,1999-2018,1
john-weinert-1,John Weinert,1977-1986,0
bob-weinhauer-1,Bob Weinhauer,1978-1985,0
paul-weir-1,Paul Weir,2017-2018,1
larry-weise-1,Larry Weise,1962-1973,0
steve-welch-1,Steve Welch,1988-1994,0
clifford-wells-1,Clifford Wells,1946-1963,0
tim-welsh-1,Tim Welsh,1996-2008,0
bob-weltlich-1,Bob Weltlich,1977-2002,0
bob-wenzel-1,Bob Wenzel,1982-1997,0
paul-westhead-1,Paul Westhead,1971-1997,0
paul-westphal-1,Paul Westphal,2002-2006,0
jim-whatley-1,Jim Whatley,1947-1951,0
bill-white-1,Bill White,1977-1982,0
donald-white-1,Donald White,1924-1963,0
greg-white-1,Greg White,1997-2003,0
michael-white-1,Michael White,2012-2018,1
jim-whitesell-1,Jim Whitesell,2005-2011,0
james-whiteford-1,James Whitford,2014-2018,1
davey-whitney-1,Davey Whitney,1978-2003,0
dereck-whittenburg-1,Dereck Whittenburg,2000-2010,0
randy-wiel-1,Randy Wiel,1994-2002,0
john-wiethe-1,John Wiethe,1947-1952,0
glenn-wilkes-1,Glenn Wilkes,1972-1993,0
kevin-willard-1,Kevin Willard,2008-2018,1
ralph-willard-1,Ralph Willard,1991-2009,0
bill-williams-1,Bill Williams,1933-1943,0
bob-williams-1,Bob Williams,1999-2017,0
buzz-williams-1,Buzz Williams,2007-2018,1
carroll-williams-1,Carroll Williams,1971-1992,0
charles-williams-1,Charles Williams,1895-1899,0
corey-williams-1,Corey Williams,2014-2018,1
gary-williams-1,Gary Williams,1979-2011,0
herb-williams-2,Herb Williams,1991-1998,0
jim-williams-1,Jim Williams,1955-1980,0
joe-williams-2,Joe Williams,1967-1986,0
richard-williams-1,Richard Williams,1987-1998,0
rollie-williams-1,Rollie Williams,1930-1951,0
roy-williams-1,Roy Williams,1989-2018,1
sam-williams-3,Sam Williams,1969-1973,0
ab-williamson-1,A.B. Williamson,1976-1990,0
bernard-wilson-1,Bernard Wilson,1948-1951,0
floyd-s-wilson-1,Floyd S. Wilson,1955-1968,0
john-wilson-1,John Wilson,1927-1946,0
marty-wilson-1,Marty Wilson,1996-2018,1
willis-wilson-1,Willis Wilson,1993-2018,1
tex-winter-1,Tex Winter,1952-1983,0
irvin-wisniewski-1,Irvin Wisniewski,1958-1966,0
hal-wissel-1,Hal Wissel,1968-1985,0
reggie-witherspoon-1,Reggie Witherspoon,2000-2018,1
willard-witte-1,Willard Witte,1931-1939,0
albert-wittmer-1,Albert Wittmer,1924-1932,0
steve-wojciechowski-1,Steve Wojciechowski,2015-2018,1
doug-wojcik-1,Doug Wojcik,2006-2014,0
ralph-wolf-1,Ralph Wolf,1927-1941,0
dennis-wolff-1,Dennis Wolff,1995-2009,0
john-wooden-1,John Wooden,1947-1975,0
sean-woods-1,Sean Woods,2009-2017,0
ted-woodward-1,Ted Woodward,2005-2014,0
jim-wooldridge-1,Jim Wooldridge,1992-2013,0
charles-woollum-1,Charles Woollum,1976-2000,0
phil-woolpert-1,Phil Woolpert,1951-1959,0
caddy-works-1,Caddy Works,1922-1939,0
les-wothke-1,Les Wothke,1980-1990,0
bill-wright-1,Bill Wright,2015-2018,1
bob-wright-1,Bob Wright,1966-1969,0
earl-wright-1,Earl Wright,1921-1924,0
jay-wright-1,Jay Wright,1995-2018,1
joby-wright-1,Joby Wright,1991-1997,0
larry-wright-2,Larry Wright,2000-2008,0
robert-wright-1,Robert Wright,1926-1932,0
ned-wulk-1,Ned Wulk,1952-1982,0
jim-yarbrough-1,Jim Yarbrough,2006-2014,0
tony-yates-1,Tony Yates,1984-1989,0
wayne-yates-1,Wayne Yates,1975-1985,0
steve-yoder-1,Steve Yoder,1978-1992,0
harry-young-1,Harry Young,1918-1946,0
mike-young-1,Mike Young,2003-2018,1
ralph-young-1,Ralph Young,1916-1923,0
tom-young-2,Tom Young,1970-1991,0
monk-younger-1,Monk Younger,1921-1937,0
wa-zahn-1,W.A. Zahn,1920-1924,0
gary-zarecky-1,Gary Zarecky,1986-1991,0
ernie-zeigler-1,Ernie Zeigler,2007-2012,0
bob-zuffelato-1,Bob Zuffelato,1972-1983,0
matt-zunic-1,Matt Zunic,1958-1963,0
rich-zvosec-1,Rich Zvosec,1989-2007,0
